{
  "metadata": {
    "file_name": "Модуль Учебный отдел",
    "source_type": "university_documentation",
    "last_updated": "2025-04-04"
  },
  "content": [
    {
      "id": "academic_catalogs",
      "title": "Справочники: факультеты, ОП, курсы",
      "type": "module",
      "description": "Создание и редактирование справочников по структуре вуза: факультеты, кафедры, уровни образования, формы и языки обучения.",
      "steps": [
        "Перейдите в раздел «Справочники».",
        "Выберите категорию: факультеты, ОП, форма обучения и др.",
        "Добавьте или отредактируйте запись.",
        "Сохраните и проверьте связь с другими модулями."
      ],
      "available_roles": ["учебный отдел", "администратор"]
    },
    {
      "id": "discipline_catalog_editor",
      "title": "Каталог дисциплин",
      "type": "module",
      "description": "Создание и редактирование глобального списка дисциплин вуза с кодами и переводами.",
      "steps": [
        "Перейдите в «Каталог дисциплин».",
        "Нажмите «Добавить дисциплину».",
        "Заполните: название, код, переводы, статус (активен/архив).",
        "Сохраните."
      ],
      "available_roles": ["учебный отдел", "методист"]
    },
    {
      "id": "discipline_block_editor",
      "title": "Блоки дисциплин (структура УП)",
      "type": "module",
      "description": "Определение иерархии дисциплин в учебных планах: базовые, профильные, элективы и пр.",
      "steps": [
        "Откройте раздел «Блоки дисциплин».",
        "Добавьте новый блок или подблок.",
        "Укажите уровень, тип, семестр и назначение.",
        "Сохраните и свяжите с учебными планами."
      ],
      "available_roles": ["учебный отдел"]
    },
    {
      "id": "discipline_form_editor",
      "title": "Формы занятий",
      "type": "module",
      "description": "Редактирование списка типов занятий: лекция, практика, лабораторные, СРСП и др.",
      "steps": [
        "Откройте «Формы занятий».",
        "Добавьте или измените тип.",
        "Укажите отображаемое название, цвет в расписании и аббревиатуру.",
        "Сохраните."
      ],
      "available_roles": ["учебный отдел"]
    },
    {
      "id": "discipline_grading_editor",
      "title": "Типы контроля",
      "type": "module",
      "description": "Справочник по типам контроля: РК, Midterm, экзамен, защита ВКР, проект, портфолио и др.",
      "steps": [
        "Откройте «Типы контроля».",
        "Добавьте новый тип или редактируйте существующий.",
        "Укажите сокращение, формулу расчёта, связь с УМКД.",
        "Сохраните."
      ],
      "available_roles": ["учебный отдел", "методист"]
    },
    {
      "id": "diploma_editor",
      "title": "Каталог дипломов",
      "type": "module",
      "description": "Справочник: наименование квалификаций, присуждаемых степеней и форм дипломов.",
      "steps": [
        "Перейдите в «Дипломы / Квалификации».",
        "Выберите уровень (бакалавриат, магистратура).",
        "Добавьте запись с указанием шифра, специальности, присуждаемой степени.",
        "Сохраните."
      ],
      "available_roles": ["учебный отдел"]
    },
    {
      "id": "order_templates_editor",
      "title": "Шаблоны приказов",
      "type": "module",
      "description": "Создание шаблонов текстов приказов с переменными (ФИО, ОП, дата, семестр и др.) и маршрутом согласования.",
      "steps": [
        "Откройте «Шаблоны приказов».",
        "Выберите тип приказа: отчисление, перевод и др.",
        "Заполните текст с переменными.",
        "Сохраните и установите маршрут подписания."
      ],
      "available_roles": ["учебный отдел", "администратор"]
    },
    {
      "id": "student_academic_orders",
      "title": "Приказы студентов",
      "type": "module",
      "description": "Создание и ведение приказов: отчисление, перевод, восстановление, академ. отпуск и др.",
      "steps": [
        "Перейдите в раздел «Приказы студентов».",
        "Нажмите «Создать приказ» и выберите шаблон.",
        "Добавьте студентов вручную или из фильтра.",
        "Подпишите и передайте в работу."
      ],
      "available_roles": ["учебный отдел", "деканат"]
    },
    {
      "id": "diploma_print_module",
      "title": "Печать дипломов",
      "type": "module",
      "description": "Генерация и печать дипломов, журналов учёта, статистики по выпускникам.",
      "steps": [
        "Откройте вкладку «Печать дипломов».",
        "Выберите выпускной поток и тип диплома.",
        "Система создаст макет PDF с полями: серия, номер, ФИО, дата, подписи.",
        "Сохраните и отправьте в печать."
      ],
      "available_roles": ["учебный отдел", "секретарь ГАК"]
    },
    {
      "id": "scholarship_registry",
      "title": "Реестр стипендий",
      "type": "module",
      "description": "Создание и утверждение списков студентов на государственные и именные стипендии, работа с квотами.",
      "steps": [
        "Откройте «Стипендии».",
        "Выберите семестр, факультет, форму обучения.",
        "Добавьте студентов вручную или по фильтру GPA.",
        "Сформируйте список, подпишите и выгрузите в Excel."
      ],
      "available_roles": ["учебный отдел", "социальный отдел"]
    },
    {
      "id": "teacher_workload_distribution",
      "title": "Педагогическая нагрузка",
      "type": "module",
      "description": "Распределение дисциплин по преподавателям, учёт часов и расчёт нагрузки.",
      "steps": [
        "Откройте вкладку «Нагрузка преподавателей».",
        "Выберите семестр, кафедру.",
        "Добавьте дисциплину и назначьте преподавателя.",
        "Сохраните. Система рассчитает часы и форму занятий."
      ],
      "available_roles": ["учебный отдел", "кафедра"]
    },
    {
      "id": "student_academic_movement",
      "title": "Движение студентов",
      "type": "module",
      "description": "Оформление переводов, восстановлений, академических отпусков, изменений формы обучения.",
      "steps": [
        "Перейдите в «Академическое движение».",
        "Выберите студента.",
        "Укажите новое состояние: 'академ. отпуск', 'перевод', 'восстановление'.",
        "Сформируйте приказ и сохраните изменения."
      ],
      "available_roles": ["учебный отдел", "деканат"]
    },
    {
      "id": "academic_calendar_semesters",
      "title": "Редактор семестров",
      "type": "module",
      "description": "Управление академическими периодами: начало, конец, каникулы, сессия и др.",
      "steps": [
        "Откройте «Календарь семестров».",
        "Выберите учебный год и форму обучения.",
        "Задайте даты начала/окончания, экзаменационных периодов, отпусков.",
        "Сохраните."
      ],
      "available_roles": ["учебный отдел"]
    },
    {
      "id": "transfer_between_faculties",
      "title": "Перевод между факультетами",
      "type": "module",
      "description": "Регистрация внутренних переводов студентов с изменением привязки к факультету и деканату.",
      "steps": [
        "Перейдите в раздел «Внутренние переводы».",
        "Выберите студента.",
        "Укажите новый факультет и приказ о переводе.",
        "Сохраните."
      ],
      "available_roles": ["учебный отдел", "деканат"]
    },
    {
      "id": "external_students_registry",
      "title": "Внешние задолженности",
      "type": "module",
      "description": "Учёт студентов с академической задолженностью из других вузов или за прошлые периоды.",
      "steps": [
        "Откройте «Реестр внешних студентов».",
        "Добавьте нового или выберите из списка.",
        "Укажите дисциплину, преподавателя, форму погашения.",
        "Сохраните запись."
      ],
      "available_roles": ["учебный отдел"]
    },
    {
      "id": "discipline_substitution_module",
      "title": "Замена дисциплин",
      "type": "module",
      "description": "Создание связей между заменяемыми дисциплинами в ИУП (аналог, модуль и др.).",
      "steps": [
        "Перейдите в «Замены дисциплин».",
        "Выберите дисциплину-оригинал и замену.",
        "Укажите тип замены (аналог, модуль, спец. замена).",
        "Сохраните и подтвердите."
      ],
      "available_roles": ["учебный отдел", "эдвайзер"]
    },
    {
      "id": "student_certificate_issuance",
      "title": "Выдача справок",
      "type": "module",
      "description": "Формирование и печать справок: с места учёбы, военкомат, GPA, академ. отпуск и др.",
      "steps": [
        "Откройте «Справки».",
        "Выберите студента и тип справки.",
        "Проверьте или внесите реквизиты.",
        "Скачайте и распечатайте."
      ],
      "available_roles": ["учебный отдел", "деканат"]
    },
    {
      "id": "graduation_summary_module",
      "title": "Выпуск и отчётность",
      "type": "module",
      "description": "Создание списков выпускников, печать итоговой справки и подготовка отчёта для МОН.",
      "steps": [
        "Перейдите в «Итог по выпуску».",
        "Выберите факультет, поток, программу.",
        "Система отобразит всех выпускников с баллами, степенью, номером диплома.",
        "Сформируйте справку, ведомость и отчёт в Excel."
      ],
      "available_roles": ["учебный отдел", "отдел статистики"]
    }
  ]
}

