{
  "metadata": {
    "file_name": "Модуль Куратор-Эдвайзер",
    "source_type": "university_documentation",
    "last_updated": "2025-04-04"
  },
  "content": [
    {
      "id": "advisor_students_panel",
      "title": "Работа со студентами",
      "type": "module",
      "description": "Просмотр списка студентов, их транскрипта, ИУП, возможность оставлять заметки и редактировать данные.",
      "steps": [
        "Перейдите в раздел «Студенты».",
        "Выберите группу или ФИО из списка.",
        "Просмотрите: ИУП, оценки, академическую историю.",
        "Нажмите «Редактировать», чтобы изменить личные данные или оставить комментарий."
      ],
      "ui_notes": [
        "Отображаются вкладки: транскрипт, курсы, посещаемость, личные данные.",
        "Можно прикрепить комментарий к студенту, видимый только эдвайзеру."
      ],
      "available_roles": ["эдвайзер", "куратор"]
    },
    {
      "id": "advisor_reset_passwords",
      "title": "Сброс паролей студентов",
      "type": "module",
      "description": "Инструмент для сброса пароля от портала студента (в случае утери или блокировки).",
      "steps": [
        "Перейдите в раздел «Сброс пароля» в панели студента.",
        "Нажмите кнопку «Сбросить».",
        "Система сгенерирует временный пароль.",
        "Сообщите новый пароль студенту."
      ],
      "ui_notes": [
        "Пароль отображается только один раз после сброса.",
        "После первого входа студенту будет предложено сменить его."
      ],
      "available_roles": ["эдвайзер"]
    },
    {
      "id": "advisor_parent_portal",
      "title": "Работа с родителями",
      "type": "module",
      "description": "Создание и управление родительскими логинами для просмотра оценок и расписания студентов.",
      "steps": [
        "Откройте карточку студента.",
        "Перейдите на вкладку «Родители».",
        "Нажмите «Создать логин» или «Сбросить» для уже существующего.",
        "Сохраните и передайте родителю данные для входа."
      ],
      "ui_notes": [
        "Родитель может видеть расписание, оценки, ИУП студента, но не редактировать их.",
        "Доступ действует до окончания текущего учебного года."
      ],
      "available_roles": ["эдвайзер"]
    },
    {
      "id": "advisor_student_photos",
      "title": "Фото студентов (проверка и допуск)",
      "type": "module",
      "description": "Просмотр, подтверждение или отклонение фотографий студентов, загружаемых для профиля или документа.",
      "steps": [
        "Откройте раздел «Фото студентов».",
        "Просмотрите фото, загруженные студентом.",
        "Если соответствует требованиям — нажмите «Подтвердить».",
        "Если нет — нажмите «Отклонить» и укажите причину."
      ],
      "validation": [
        "Фото должно быть формата JPG/PNG, не старше 1 года, без головных уборов.",
        "Размер файла — до 5 МБ."
      ],
      "ui_notes": [
        "После подтверждения фото попадает в официальный профиль.",
        "Отклонённое фото требует повторной загрузки со стороны студента."
      ],
      "available_roles": ["эдвайзер", "куратор"]
    },
    {
      "id": "advisor_photo_for_card",
      "title": "Фото для студенческого билета",
      "type": "module",
      "description": "Подтверждение фотографий студентов для изготовления пластиковых студенческих билетов.",
      "steps": [
        "Перейдите в раздел «Фото на студенческий билет».",
        "Выберите группу или ФИО студента.",
        "Проверьте фотографию на соответствие требованиям.",
        "Подтвердите или отклоните фото."
      ],
      "ui_notes": [
        "После подтверждения фото будет отправлено в модуль печати карточек.",
        "Статус — «Принято» или «Отклонено» с комментарием."
      ],
      "available_roles": ["эдвайзер", "социальный отдел"]
    },
    {
      "id": "advisor_surveys",
      "title": "Анкетирование студентов",
      "type": "module",
      "description": "Просмотр статистики ответов студентов на анкеты: удовлетворенность обучением, обратная связь по дисциплинам и преподавателям.",
      "steps": [
        "Перейдите в раздел «Анкетирование».",
        "Выберите анкету, курс или группу.",
        "Просмотрите ответы и средние баллы по вопросам.",
        "Скачайте итоговый отчёт, если требуется."
      ],
      "ui_notes": [
        "Данные отображаются в виде таблиц и диаграмм.",
        "Доступ к анонимным текстовым комментариям (если разрешено)."
      ],
      "available_roles": ["эдвайзер"]
    },
    {
      "id": "advisor_schedule_view",
      "title": "Просмотр расписания эдвайзера",
      "type": "module",
      "description": "Просмотр собственного расписания встреч с группами и часов эдвайзерского консультирования.",
      "steps": [
        "Откройте вкладку «Моё расписание».",
        "Выберите неделю или дату.",
        "Просмотрите сетку эдвайзерских часов.",
        "Нажмите на слот — можно отметить тему или итог встречи."
      ],
      "ui_notes": [
        "Отображаются как регулярные часы, так и разовые встречи.",
        "Поддерживается отметка посещаемости групп."
      ],
      "available_roles": ["эдвайзер"]
    },
    {
      "id": "advisor_event_tracking",
      "title": "Участие студентов в мероприятиях",
      "type": "module",
      "description": "Отображение участия студентов в кураторских и университетских мероприятиях с возможностью отметки посещения.",
      "steps": [
        "Перейдите в раздел «Мероприятия студентов».",
        "Выберите дату, формат или тип мероприятия.",
        "Просмотрите список студентов и отметьте посещение.",
        "Сохраните журнал."
      ],
      "ui_notes": [
        "Можно отфильтровать по: академ. группе, участию, типу мероприятия.",
        "Поддерживается экспорт в Excel / PDF."
      ],
      "available_roles": ["эдвайзер", "воспитательный отдел"]
    }
  ]
}

	
