{
  "metadata": {
    "file_name": "Альтернативные ППС",
    "source_type": "university_documentation",
    "last_updated": "2025-04-04"
  },
  "content": [
    {
      "id": "section_alternative_pps",
      "title": "Альтернативные ППС",
      "keywords": ["альтернативные ставки", "преподаватели", "ППС", "отчет по квалификации"],
      "paragraphs": [
        {
          "id": "section_alternative_pps.1",
          "text": "Для добавления ставки для альтернативного преподавателя необходимо выбрать ученую степень, ввести сумму и нажать на кнопку «Сохранить»."
        },
        {
          "id": "section_alternative_pps.2",
          "text": "Для получения отчета по квалификациям ППС необходимо выбрать факультет и кафедру, затем нажать на кнопку «Отчет»."
        }
      ]
    }
  ]
}
