{
  "metadata": {
    "file_name": "Аттестация",
    "source_type": "university_documentation",
    "last_updated": "2025-04-04"
  },
  "content": [
    {
      "id": "section_attestation",
      "title": "Аттестация",
      "keywords": ["аттестация", "рубежный контроль", "результаты экзаменов", "ведомости"],
      "paragraphs": [
        {
          "id": "section_attestation.1",
          "text": "Для сохранения ведомости рубежного контроля необходимо выбрать функцию «Аттестация», открыть ведомость, проверить автоматически подставленные результаты и сохранить."
        },
        {
          "id": "section_attestation.2",
          "text": "Результаты экзамена преподаватель вводит вручную. После сохранения ведомостей изменить результаты невозможно."
        }
      ]
    }
  ]
}
