{
  "metadata": {
    "file_name": "Журнал посещений",
    "source_type": "university_documentation",
    "last_updated": "2025-04-04"
  },
  "content": [
    {
      "id": "attendance_journal",
      "title": "Журнал посещений",
      "type": "module",
      "description": "Модуль предназначен для фиксации посещаемости студентов преподавателями и влияет на расчёт результатов РК.",
      "keywords": ["журнал", "посещаемость", "преподаватель", "баллы", "РК", "ведомость"],
      "access_control": "Доступ предоставляется преподавателям, у которых есть привязанные дисциплины.",
      "steps": [
        "Выберите функцию «Журнал посещений».",
        "На экране появится список дисциплин, закреплённых за преподавателем.",
        "Также будет отображён список специальностей по отделениям.",
        "Дважды щёлкните на нужной строке — откроется форма журнала.",
        "Проставьте баллы в соответствующие поля для каждого студента.",
        "Нажмите кнопку «Сохранить», чтобы зафиксировать введённые данные."
      ],
      "notes": [
        "После сохранения данные используются системой для автоматического расчёта ведомостей по РК.",
        "Журнал отображает даты занятий и позволяет вести учёт баллов по посещаемости и активности."
      ]
    }
  ]
}
