{
  "metadata": {
    "file_name": "Каталоги",
    "source_type": "university_documentation",
    "last_updated": "2025-04-04"
  },
  "content": [
    {
      "id": "catalogs_overview",
      "title": "Каталоги",
      "type": "section",
      "description": "Справочники, используемые в системе UNIVER, включают: ступени обучения, формы, типы УМКД, специальности, специализации, УМКД преподавателей и др.",
      "keywords": ["справочники", "каталоги", "тип УМКД", "дисциплины", "специальности"]
    },
    {
      "id": "catalogs_specialties",
      "title": "Каталог специальностей",
      "type": "module",
      "description": "Управление списком специальностей: добавление, редактирование, удаление.",
      "steps": [
        "Откройте раздел «Каталоги» → выберите справочник «Специальности».",
        "Выделите специальность из списка и выберите команду: «Редактировать» или «Удалить».",
        "Для добавления нажмите «Добавить», заполните форму и подтвердите."
      ]
    },
    {
      "id": "catalogs_umkd_types",
      "title": "Типы УМКД",
      "type": "module",
      "description": "Справочник, в котором хранятся типы УМКД с настройкой формата загрузки.",
      "steps": [
        "Выберите из меню пункт «Типы УМКД».",
        "Нажмите «Добавить».",
        "Введите название типа УМКД на трёх языках.",
        "Выберите допустимые типы файлов (или отметьте «Любой»).",
        "Можно указать: загрузка без привязки к дисциплине; при удалении — переместить в архив.",
        "Нажмите «Сохранить»."
      ],
      "notes": [
        "Редактирование доступно через команду «Редактировать».",
        "Типы файлов ограничивают или расширяют возможности загрузки контента."
      ]
    },
    {
      "id": "catalogs_disciplines_quick",
      "title": "Каталог дисциплин (сокращённый доступ через метод. отдел)",
      "type": "submodule",
      "description": "Альтернативный путь добавления или редактирования дисциплин через вкладку методического отдела.",
      "steps": [
        "Перейдите во вкладку «Метод отдел» → выберите «Каталог дисциплин».",
        "В поле поиска введите ID или название дисциплины.",
        "Если дисциплина отсутствует, нажмите «Добавить».",
        "Заполните название и описание на 3 языках.",
        "Укажите тип, статус и другие параметры (например, допускает ли дисциплина красный диплом).",
        "Нажмите «Сохранить»."
      ]
    }
  ]
}
