{
  "metadata": {
    "file_name": "Кредиты УП и GPA",
    "source_type": "university_documentation",
    "last_updated": "2025-04-04"
  },
  "content": [
    {
      "id": "credits_gpa_entry",
      "title": "Кредиты и GPA в учебном плане",
      "type": "module",
      "description": "Модуль позволяет вводить и просматривать количество кредитов и GPA по курсам в учебных планах.",
      "keywords": ["учебный план", "GPA", "кредиты", "курсы"],
      "steps": [
        "Выберите факультет и год начала обучения.",
        "В открывшемся окне введите или отредактируйте значения кредитов и GPA по курсам.",
        "Нажмите «Сохранить» для фиксации изменений."
      ]
    },
	{
	  "id": "stipend_orders",
	  "title": "Приказы на стипендию",
	  "type": "module",
	  "description": "Раздел предназначен для поиска, просмотра и подписания приказов о назначении стипендий.",
	  "keywords": ["стипендия", "приказ", "подпись", "актив", "обработан"],
	  "steps": [
		"Выберите факультет, ступень обучения, академический год и семестр.",
		"Нажмите «Выбрать» для отображения списка приказов.",
		"Выделите нужный приказ и нажмите «Посмотреть приказ».",
		"Если всё корректно — нажмите «Подписать приказ».",
		"Статус приказа сменится с «Актив» на «Обработан»."
	  ],
	  "notes": [
		"Знак «+» в графе «Подписан?» означает, что приказ подписан и обработан.",
		"Знак «–» означает, что приказ ещё не подписан и находится в активном состоянии.",
		"При необходимости можно отменить подпись через кнопку «Снять подпись»."
	  ],
	  "additional": {
		"document_preview": "Для просмотра текста приказа выберите его и нажмите «Просмотреть документ приказа»."
	  }
	}
  ]
}
