{
  "metadata": {
    "file_name": "Кураторские мероприятия",
    "source_type": "university_documentation",
    "last_updated": "2025-04-04"
  },
  "content": [
    {
      "id": "curatorial_events",
      "title": "Кураторские мероприятия",
      "type": "module",
      "description": "Модуль позволяет кураторам просматривать, создавать и управлять мероприятиями, связанными с их учебными группами.",
      "keywords": ["куратор", "мероприятия", "создание", "дата", "факультет", "ответственный"],
      "access_control": "Доступ открыт кураторам, закреплённым за учебными группами.",
      "steps": [
        "Выберите функцию «Кураторские мероприятия».",
        "Нажмите ссылку «Мною созданные мероприятия», чтобы отобразить собственные записи.",
        "Для добавления нажмите «Добавить».",
        "Заполните наименование, параметры и выберите дату начала мероприятия.",
        "Можно выбрать только дату текущей или предыдущей недели.",
        "Выберите факультет, нажмите «Добавить факультет», затем выберите кафедру и подтвердите.",
        "Проверьте, что в таблице «Ответственные за мероприятия» указаны правильные данные.",
        "Нажмите «Сохранить»."
      ],
      "notes": [
        "Если выбран неверный факультет, сохранение не произойдёт.",
        "Удалите ошибочный факультет через команду «Удалить», затем выберите правильный.",
        "Для редактирования или удаления выделите мероприятие в списке и выберите соответствующую команду."
      ]
    }
  ]
}
