{
  "metadata": {
    "file_name": "Модуль Заместителя декана",
    "source_type": "university_documentation",
    "last_updated": "2025-04-04"
  },
  "content": [
    {
      "id": "dean_teachers_schedule",
      "title": "Расписание преподавателей",
      "type": "module",
      "description": "Просмотр расписания преподавателей по неделям, аудиториям и дисциплинам.",
      "steps": [
        "Перейдите в раздел «Преподаватели».",
        "Выберите преподавателя из списка или по фильтру (ФИО, кафедра).",
        "Откройте вкладку «Расписание».",
        "Просмотрите сетку занятий: день, пара, аудитория, предмет."
      ],
      "ui_notes": [
        "Можно фильтровать по неделе, кафедре и предмету.",
        "Поддерживается экспорт расписания в Excel."
      ],
      "available_roles": ["зам. декана"]
    },
    {
      "id": "dean_teacher_documents",
      "title": "Документы преподавателей (УМКД, экзаменационные вопросы)",
      "type": "module",
      "description": "Просмотр загруженных преподавателями учебно-методических комплексов и экзаменационных материалов.",
      "steps": [
        "Перейдите в раздел «Документы преподавателя».",
        "Выберите преподавателя.",
        "Просмотрите список загруженных УМКД и комплектов экзаменационных вопросов.",
        "Нажмите на файл, чтобы просмотреть или скачать."
      ],
      "ui_notes": [
        "Файлы УМКД хранятся с разбивкой по дисциплинам и семестрам.",
        "Формат: PDF, DOCX, XLSX."
      ],
      "available_roles": ["зам. декана", "учебный отдел"]
    },
    {
      "id": "dean_advisors_overview",
      "title": "Обзор эдвайзеров и студентов",
      "type": "module",
      "description": "Просмотр списка эдвайзеров, прикреплённых к ним студентов и количества по группам.",
      "steps": [
        "Откройте вкладку «Эдвайзеры».",
        "Выберите факультет, курс или группу.",
        "Система покажет список эдвайзеров и число студентов у каждого.",
        "Нажмите на эдвайзера для просмотра списка подопечных студентов."
      ],
      "ui_notes": [
        "Можно фильтровать по кафедре, семестру, количеству студентов.",
        "Доступна выгрузка в Excel."
      ],
      "available_roles": ["зам. декана", "учебный отдел"]
    },
    {
      "id": "dean_student_profile",
      "title": "Карточка студента",
      "type": "module",
      "description": "Детальный просмотр академической информации о студенте: транскрипт, посещаемость, аттестации, итоговые работы.",
      "steps": [
        "Перейдите в раздел «Студенты».",
        "Введите ФИО, ИИН или выберите из списка группы.",
        "Откройте карточку студента.",
        "Просмотрите вкладки: оценки, дисциплины, итоговая работа, куратор, посещаемость."
      ],
      "ui_notes": [
        "В карточке доступны только просмотр и печать.",
        "История изменений и движения по ИУП фиксируются автоматически."
      ],
      "available_roles": ["зам. декана"]
    },
    {
      "id": "dean_student_attendance_tracking",
      "title": "Посещаемость студентов",
      "type": "module",
      "description": "Просмотр журнала посещаемости студента по неделям и дисциплинам.",
      "steps": [
        "Откройте карточку студента.",
        "Перейдите на вкладку «Посещаемость».",
        "Выберите семестр или дату.",
        "Просмотрите таблицу по предметам и дням недели."
      ],
      "ui_notes": [
        "Обозначения: ✓ — присутствовал, - — отсутствовал, Н — не отмечено.",
        "Отображается преподаватель и тип занятия (лекция/практика)."
      ],
      "available_roles": ["зам. декана"]
    },
    {
      "id": "dean_student_final_work",
      "title": "Итоговые и выпускные работы",
      "type": "module",
      "description": "Отображение информации по курсовым и дипломным работам студента, включая темы, руководителей, даты защиты.",
      "steps": [
        "Откройте карточку студента.",
        "Перейдите на вкладку «Итоговые работы».",
        "Просмотрите список работ, тем, статус (в работе / допущен / защищён)."
      ],
      "ui_notes": [
        "Фиксируется название, руководитель, статус проверки и дата сдачи.",
        "Файлы работ доступны для скачивания."
      ],
      "available_roles": ["зам. декана", "учебный отдел"]
    },
    {
      "id": "dean_student_surveys",
      "title": "Анкетирование студентов",
      "type": "module",
      "description": "Просмотр результатов анкетирования студентов по дисциплинам и преподавателям, включая числовые и текстовые ответы.",
      "steps": [
        "Перейдите в раздел «Анкетирование».",
        "Выберите анкету, преподавателя и период.",
        "Просмотрите итоги анкетирования: средний балл, количество ответов, комментарии."
      ],
      "ui_notes": [
        "Возможен экспорт в PDF / Excel.",
        "Статистика выводится в виде графиков и таблиц.",
        "Доступ к анонимным комментариям."
      ],
      "available_roles": ["зам. декана"]
    },
    {
      "id": "dean_staff_feedback",
      "title": "Анкетирование преподавателей (обратная связь)",
      "type": "module",
      "description": "Просмотр отзывов ППС о студентах, дисциплинах, нагрузке и методике.",
      "steps": [
        "Перейдите в раздел «Анкетирование преподавателей».",
        "Выберите анкету, кафедру или преподавателя.",
        "Просмотрите результаты по каждому разделу."
      ],
      "ui_notes": [
        "Доступны блоки: дисциплины, аудитории, методика, предложения.",
        "Форма может содержать как оценки, так и текстовые поля."
      ],
      "available_roles": ["зам. декана"]
    },
    {
      "id": "dean_teacher_violations",
      "title": "Учёт нарушений преподавателей",
      "type": "module",
      "description": "Добавление, редактирование и удаление информации о нарушениях преподавателями регламентов, дисциплины, посещаемости.",
      "steps": [
        "Перейдите в раздел «Нарушения ППС».",
        "Нажмите «Добавить нарушение».",
        "Укажите преподавателя, дату, описание и категорию.",
        "Сохраните запись."
      ],
      "ui_notes": [
        "Каждое нарушение фиксируется по типу: дисциплинарное, методическое, административное.",
        "Доступна выгрузка отчёта по кафедре и периоду."
      ],
      "available_roles": ["зам. декана", "декан"]
    },
    {
      "id": "dean_university_events",
      "title": "Университетские мероприятия",
      "type": "module",
      "description": "Добавление и редактирование крупных университетских мероприятий с участием студентов и преподавателей.",
      "steps": [
        "Откройте раздел «Мероприятия».",
        "Нажмите «Добавить».",
        "Укажите дату, формат, тематику, организатора.",
        "Прикрепите список участников.",
        "Сохраните и при необходимости распечатайте документ."
      ],
      "ui_notes": [
        "Можно отметить массовые мероприятия с более чем 100 участниками.",
        "Поддерживается групповой импорт студентов из Excel."
      ],
      "available_roles": ["зам. декана", "воспитательный отдел"]
    },
    {
      "id": "dean_exam_ticket_generation",
      "title": "Генерация экзаменационных билетов",
      "type": "module",
      "description": "Создание, печать и контроль экзаменационных билетов по дисциплинам с возможностью удаления и фильтрации.",
      "steps": [
        "Откройте раздел «Экзаменационные билеты».",
        "Выберите дисциплину и преподавателя.",
        "Система сформирует вопросы случайным образом или из справочника.",
        "Нажмите «Сформировать» → «Печать» или «Удалить»."
      ],
      "ui_notes": [
        "Указывается количество билетов и вариантов.",
        "Доступна фильтрация по уровню сложности, теме, преподавателю."
      ],
      "available_roles": ["зам. декана", "учебный отдел"]
    },
    {
      "id": "dean_test_monitoring",
      "title": "Тестирование студентов",
      "type": "module",
      "description": "Просмотр результатов прохождения тестов студентами, анализ логов и фиксация нарушений.",
      "steps": [
        "Откройте раздел «Тестирование».",
        "Выберите дисциплину, группу или студента.",
        "Просмотрите протокол: дата, время, баллы, подозрения на списывание.",
        "Откройте логи — время ответа, смена вкладок и т.д."
      ],
      "ui_notes": [
        "Поддерживается фильтрация по типу теста и статусу (сдан/не сдан).",
        "Есть вкладка с автофлагами на нарушения (частые переходы, задержки, совпадения)."
      ],
      "available_roles": ["зам. декана", "служба контроля качества"]
    },
    {
      "id": "dean_dormitory_requests",
      "title": "Заявки на общежитие",
      "type": "module",
      "description": "Просмотр и управление заявками студентов на общежитие: статусы, редактирование, подтверждение.",
      "steps": [
        "Откройте раздел «Общежитие».",
        "Выберите семестр, факультет, курс или ФИО.",
        "Просмотрите заявки: дата, причина, статус.",
        "Измените статус или сформируйте представление."
      ],
      "status_behavior": [
        {
          "status": "Ожидает",
          "description": "Заявка подана, но не рассмотрена."
        },
        {
          "status": "Принято",
          "description": "Заявка одобрена, студент включён в список представления."
        },
        {
          "status": "Отклонено",
          "description": "Заявка отклонена по решению комиссии."
        }
      ],
      "available_roles": ["зам. декана", "декан", "социальный отдел"]
    },
    {
      "id": "dean_dormitory_presentations",
      "title": "Представления студентов в общежитие",
      "type": "module",
      "description": "Формирование официального представления на заселение в общежитие, печать, экспорт, отправка проректору.",
      "steps": [
        "Откройте вкладку «Представления».",
        "Нажмите «Создать представление».",
        "Выберите студентов из ранее поданных заявок.",
        "Сохраните, распечатайте или отправьте по маршруту.",
        "После подписания — статус «Утверждено»."
      ],
      "ui_notes": [
        "Каждое представление фиксируется с датой, номером и составом.",
        "Доступна печать в формате PDF с таблицей студентов."
      ],
      "available_roles": ["зам. декана"]
    },
    {
      "id": "dean_dormitory_eviction",
      "title": "Выселенные студенты",
      "type": "module",
      "description": "Список студентов, исключённых из представлений. Контроль причин, редактирование статуса.",
      "steps": [
        "Перейдите в раздел «Выселенные».",
        "Выберите семестр или представление.",
        "Просмотрите список студентов с причиной выселения.",
        "При необходимости — восстановите статус или удалите запись."
      ],
      "ui_notes": [
        "Отображается дата выселения, инициатор, основание.",
        "Можно сортировать по факультету и общежитию."
      ],
      "available_roles": ["зам. декана", "социальный отдел"]
    },
    {
      "id": "dean_mou_database",
      "title": "База соглашений (Меморандумы)",
      "type": "module",
      "description": "Учёт соглашений между университетом и сторонними организациями: даты, тип, срок, прикреплённые файлы.",
      "steps": [
        "Откройте раздел «Соглашения / Меморандумы».",
        "Нажмите «Добавить соглашение».",
        "Заполните: организация, тип, дата, срок действия.",
        "Прикрепите файл (PDF/DOC). Сохраните."
      ],
      "ui_notes": [
        "Срок действия отслеживается. Система может напоминать о завершении.",
        "Доступен экспорт всей базы в Excel."
      ],
      "available_roles": ["зам. декана", "юридический отдел"]
    },
    {
      "id": "dean_dms_module",
      "title": "Модуль ДМС (иностранные студенты)",
      "type": "module",
      "description": "Инструмент взаимодействия с иностранными студентами: учёт, уведомления, меморандумы, блокировки.",
      "steps": [
        "Откройте раздел «ДМС».",
        "Найдите иностранного студента по ФИО или ИИН.",
        "Просмотрите статус миграционного учёта, прикреплённые соглашения, переписку.",
        "При необходимости отправьте уведомление или заблокируйте доступ к LMS."
      ],
      "ui_notes": [
        "Модуль интегрирован с миграционным отделом и визуально выделяет студентов с истекающим сроком пребывания.",
        "Поддерживается история взаимодействий."
      ],
      "available_roles": ["зам. декана", "международный отдел"]
    }


  ]
}

