{
  "metadata": {
    "file_name": "Каталог дисциплин",
    "source_type": "university_documentation",
    "last_updated": "2025-04-04"
  },
  "content": [
    {
      "id": "discipline_catalog",
      "title": "Каталог дисциплин",
      "type": "module",
      "description": "Модуль предназначен для управления учебными дисциплинами: поиск, добавление, редактирование, удаление и отображение в учебных планах.",
      "keywords": ["каталог дисциплин", "поиск", "добавление", "редактирование", "учебный план"],
      "access_control": "Доступ к редактированию открыт только уполномоченным сотрудникам кафедр и учебных отделов.",
      "steps": [
        "Откройте модуль «Каталог дисциплин».",
        "Введите название дисциплины, выберите статус и тип.",
        "Нажмите «Найти дисциплину».",
        "Если дисциплина отсутствует, нажмите «Добавить дисциплину».",
        "Заполните поля: название на казахском, русском и английском, тип дисциплины, статус.",
        "Укажите: влияет ли дисциплина на красный диплом и используется ли для анкетирования.",
        "Нажмите «Сохранить»."
      ],
      "notes": [
        "Для редактирования выберите дисциплину из списка и нажмите «Редактировать».",
        "Для удаления — выделите дисциплину и нажмите «Удалить».",
        "Для просмотра дисциплины в учебном плане используйте кнопку «Показать в учебном плане».",
        "Детали включают РУП, кредиты, семестр и тип контроля."
      ]
    }
  ]
}
