{
  "metadata": {
    "file_name": "Дистанционные курсы",
    "source_type": "university_documentation",
    "last_updated": "2025-04-04"
  },
  "content": [
    {
      "id": "distance_courses_overview",
      "title": "Дистанционные курсы",
      "type": "section",
      "description": "Раздел для организации онлайн-обучения: добавление заданий, оценивание, загрузка материалов и печать результатов.",
      "keywords": ["дистанционные курсы", "преподаватель", "онлайн обучение", "задания", "оценка"]
    },
    {
      "id": "distance_courses_assignments",
      "title": "Добавление заданий",
      "type": "module",
      "description": "Функциональность для загрузки заданий по неделям и дисциплинам.",
      "keywords": ["задания", "добавление", "дисциплина", "неделя"],
      "steps": [
        "Во вкладке «Преподаватель» выберите функцию «Дистанционные курсы».",
        "Откроется список преподаваемых дисциплин.",
        "Выберите дисциплину и нажмите «Открыть дисциплину».",
        "Выберите нужную специальность.",
        "Выделите нужную неделю, нажмите «Задания», затем — «Добавить».",
        "Заполните заголовок, описание, максимальную оценку, количество допустимых сообщений."
      ]
    },
    {
      "id": "distance_courses_answer_types",
      "title": "Типы ответов студентов",
      "type": "submodule",
      "description": "Система поддерживает три типа ответов студентов.",
      "keywords": ["типы ответов", "файл", "текст", "сообщения"],
      "notes": [
        "1. Текст + файл: обязательно текст и прикрепление файла.",
        "2. Только текст.",
        "3. Только файл."
      ]
    },
    {
      "id": "distance_courses_add_students",
      "title": "Добавление студентов в обсуждение",
      "type": "module",
      "description": "Преподаватель выбирает студентов для участия в обсуждении заданий.",
      "keywords": ["студенты", "обсуждение", "запись", "добавление"],
      "steps": [
        "Нажмите ссылку «Добавить» в форме задания.",
        "Выберите учебный план.",
        "Из списка студентов выберите нужных и нажмите «Добавить»."
      ]
    },
    {
      "id": "distance_courses_evaluation",
      "title": "Оценивание заданий",
      "type": "module",
      "description": "Оценка загруженных ответов студентов по заданиям.",
      "keywords": ["оценка", "баллы", "файлы", "работа студентов"],
      "steps": [
        "Выделите задание и нажмите «Оценить».",
        "Откроется список участников и их файлы.",
        "Просмотрите ответ, нажмите ссылку и выставьте оценку.",
        "После оценки появится сообщение «Оценено»."
      ]
    },
    {
      "id": "distance_courses_summary_list",
      "title": "Сводный список",
      "type": "module",
      "description": "Просмотр общего списка оценок по заданиям.",
      "keywords": ["сводный список", "успеваемость", "оценки"],
      "steps": [
        "Выделите задание и нажмите «Сводный список».",
        "Откроется таблица с оценками студентов."
      ],
      "notes": ["Список доступен только для просмотра."]
    },
    {
      "id": "distance_courses_messages",
      "title": "Просмотр сообщений студентов",
      "type": "module",
      "description": "Возможность просматривать и отвечать на сообщения студентов.",
      "keywords": ["сообщения", "ответы", "обратная связь"],
      "steps": [
        "Выделите задание и выберите «Просмотр».",
        "Откроется список сообщений и прикреплённых файлов.",
        "Можно удалить сообщение или ответить на него."
      ]
    },
    {
      "id": "distance_courses_resources",
      "title": "Загрузка ресурсов",
      "type": "module",
      "description": "Загрузка дополнительных материалов: силлабусы, лабораторные, лекции и т.д.",
      "keywords": ["ресурсы", "материалы", "файлы", "дополнительно"],
      "steps": [
        "Выделите нужную неделю.",
        "Нажмите кнопку «Ресурсы».",
        "Выберите раздел (доп.материал, силлабус и т.д.).",
        "Нажмите «Загрузить», выберите файл, укажите учебный план и неделю, подтвердите загрузку."
      ]
    },
    {
      "id": "distance_courses_lessons",
      "title": "Проведённые уроки",
      "type": "module",
      "description": "Фиксация и редактирование информации о проведённых онлайн-уроках.",
      "keywords": ["проведённые занятия", "онлайн уроки", "журнал"],
      "steps": [
        "Выберите функцию «Проведённые уроки».",
        "Нажмите «Добавить» для новой записи или «Редактировать» — для изменения существующей.",
        "Заполните форму, нажмите «Сохранить».",
        "Для удаления выберите занятие и нажмите «Удалить»."
      ]
    },
    {
      "id": "distance_courses_exam_results",
      "title": "Печать результатов экзамена",
      "type": "module",
      "description": "Формирование печатной формы с результатами экзаменационной сессии.",
      "keywords": ["результаты", "печать", "экзамен", "оценки"],
      "steps": [
        "Выберите функцию «Дистанционные курсы» → нужную дисциплину.",
        "Выберите специальность и нажмите «Печать результатов экзамена».",
        "Для просмотра ответа студента нажмите «Посмотреть»."
      ]
    }
  ]
}
