{
  "metadata": {
    "file_name": "Документы",
    "source_type": "university_documentation",
    "last_updated": "2025-04-04"
  },
  "content": [
    {
      "id": "documents_module",
      "title": "Документы",
      "type": "module",
      "description": "Раздел предназначен для загрузки, редактирования и скачивания документов. Доступ к функциям зависит от роли пользователя.",
      "keywords": ["документы", "загрузка", "редактирование", "скачивание", "учебный отдел", "студенческий отдел"],
      "access_control": "Редактирование и загрузка доступны только сотрудникам «Студенческого отдела» и «Учебного отдела». Остальные пользователи могут только просматривать и скачивать.",
      "steps": [
        "Перейдите в раздел «Документы» на главной странице системы.",
        "Нажмите кнопку «Загрузить».",
        "В открывшемся окне нажмите кнопку «Обзор» и выберите нужный файл.",
        "Выберите тип документа из списка (образец, каталог, нормативный документ и т.д.).",
        "Отметьте, кому доступен документ (например, всем, преподавателям, студентам).",
        "Нажмите кнопку «Загрузить» для завершения действия."
      ],
      "notes": [
        "Для скачивания документа используется иконка дискеты, расположенная рядом с файлом.",
        "Типы документов влияют на видимость и фильтрацию в системе."
      ]
    }
  ]
}
