{
  "metadata": {
    "file_name": "Модуль Комендант",
    "source_type": "university_documentation",
    "last_updated": "2025-04-04"
  },
  "content": [
    {
      "id": "dorm_rooms_management",
      "title": "Комнаты в доме студентов",
      "type": "module",
      "description": "Добавление и редактирование комнат в общежитии: этаж, секция, вместимость, языки интерфейса.",
      "steps": [
        "Откройте раздел «Комнаты в доме студентов».",
        "Нажмите «Добавить» и введите данные: этаж, секция, вместимость, названия на каз/рус/англ.",
        "Сохраните запись.",
        "Для редактирования — выберите комнату и нажмите «Редактировать»."
      ],
      "available_roles": ["комендант"]
    },
    {
      "id": "dorm_settlement_orders",
      "title": "Приказы о заселении / выселении",
      "type": "module",
      "description": "Создание приказов на заселение, выселение и выселение без последующего заселения. Указание причины, фильтрация по студентам.",
      "steps": [
        "Откройте вкладку «Приказы о заселении».",
        "Выберите тип приказа: заселение / выселение / выселение без заселения.",
        "Укажите дату, дом студентов, факультет, при необходимости причину выселения.",
        "Нажмите «Найти студентов», выберите из списка и нажмите «Сохранить»."
      ],
      "available_roles": ["комендант"]
    },
    {
      "id": "dorm_settlement_history",
      "title": "История действий над студентами",
      "type": "module",
      "description": "Просмотр, фильтрация и редактирование истории приказов по каждому студенту в системе заселения.",
      "steps": [
        "Откройте раздел «История действий».",
        "Выберите фильтры: дата, приказ, факультет и нажмите «Найти историю действий».",
        "Откройте запись → нажмите «Редактировать» или «Обработать».",
        "При необходимости скорректируйте дату приказа."
      ],
      "available_roles": ["комендант"]
    },
    {
      "id": "dorm_reports_module",
      "title": "Отчёты по заселению и комнатам",
      "type": "module",
      "description": "Формирование отчётов по свободным местам, льготникам, заявкам, задолженности, фонду комнат и др.",
      "steps": [
        "Перейдите в раздел «Отчёты».",
        "Дважды кликните по названию нужного отчёта.",
        "Выберите параметры: факультет, курс, дом, академический год.",
        "Нажмите «Сформировать отчёт» — откроется Excel-файл."
      ],
      "available_roles": ["комендант", "социальный отдел"]
    }
  ]
}
