{
  "metadata": {
    "file_name": "Модуль Е-услуги",
    "source_type": "university_documentation",
    "last_updated": "2025-04-04"
  },
  "content": [
    {
      "id": "e_services_student_requests",
      "title": "Заявления студентов",
      "type": "module",
      "description": "Обработка всех поданных заявлений от студентов через личный кабинет. Возможность фильтрации, обработки и выгрузки.",
      "steps": [
        "Откройте раздел «Заявления студентов».",
        "Выберите тип заявления или используйте фильтры (ФИО, статус, период).",
        "Откройте карточку обращения, проверьте вложения.",
        "Добавьте комментарий, примите или отклоните заявление.",
        "Система уведомит студента о решении."
      ],
      "ui_notes": [
        "Статусы: черновик, на согласовании, подтверждено, отклонено.",
        "История обработки сохраняется автоматически."
      ],
      "available_roles": ["деканат", "учебный отдел", "ответственный сотрудник"]
    },
    {
      "id": "e_services_types_catalog",
      "title": "Типы заявлений",
      "type": "module",
      "description": "Справочник всех доступных для студентов типов заявлений: академ. отпуск, справка, перерасчет, перевод и др.",
      "steps": [
        "Откройте раздел «Типы заявлений».",
        "Нажмите «Добавить тип».",
        "Заполните: название, описание, перечень обязательных полей и документов.",
        "Сохраните."
      ],
      "ui_notes": [
        "Поддерживается логика: видимость по курсам, факультетам, статусу студента.",
        "Можно задать шаблон печатной формы (PDF)."
      ],
      "available_roles": ["администратор", "учебный отдел"]
    },
    {
      "id": "e_services_approval_workflow",
      "title": "Маршруты согласования",
      "type": "module",
      "description": "Настройка маршрутов прохождения заявлений: кто и в каком порядке должен их утверждать (эдвайзер → декан → учебный отдел и т.д.).",
      "steps": [
        "Откройте «Маршруты согласования».",
        "Выберите тип заявления.",
        "Задайте этапы: должность, тип сотрудника, возможность возврата.",
        "Сохраните маршрут."
      ],
      "ui_notes": [
        "Этапы можно менять местами и отключать временно.",
        "Работает в связке с правами ролей и типами заявлений."
      ],
      "available_roles": ["администратор", "учебный отдел"]
    },
    {
      "id": "e_services_request_tracking",
      "title": "История обработки заявлений",
      "type": "module",
      "description": "Отображение полного лога прохождения заявления: кто и когда обработал, комментарии, решение.",
      "steps": [
        "Откройте карточку любого обращения.",
        "Нажмите вкладку «История».",
        "Просмотрите действия каждого согласующего: дата, статус, комментарий.",
        "Скачайте лог в формате PDF (при необходимости)."
      ],
      "ui_notes": [
        "История недоступна для редактирования.",
        "Используется для служебных проверок и аудита."
      ],
      "available_roles": ["деканат", "служба поддержки", "администратор"]
    },
    {
      "id": "e_services_analytics_dashboard",
      "title": "Аналитика по заявлениям",
      "type": "module",
      "description": "Раздел для анализа количества заявлений, времени обработки, причин отклонения и активности по факультетам.",
      "steps": [
        "Перейдите во вкладку «Статистика».",
        "Выберите период и факультет.",
        "Просмотрите графики: количество заявлений, среднее время, отклонённые / подтверждённые.",
        "Выгрузите отчёт в Excel или PDF."
      ],
      "ui_notes": [
        "Есть фильтр по типу заявления и статусу.",
        "Доступен модуль для дашборда Power BI / Looker Studio."
      ],
      "available_roles": ["проректор", "учебный отдел", "аналитик"]
    }
  ]
}
