{
  "metadata": {
    "file_name": "Модуль Воспитательный отдел",
    "source_type": "university_documentation",
    "last_updated": "2025-04-04"
  },
  "content": [
    {
      "id": "educational_event_references",
      "title": "Справочники мероприятий и объединений",
      "type": "module",
      "description": "Управление справочниками, используемыми в учете воспитательной деятельности: типы мероприятий, формы участия, студенческие объединения.",
      "steps": [
        "Откройте раздел «Справочники».",
        "Выберите тип справочника: мероприятия, формы, объединения.",
        "Добавьте, отредактируйте или удалите нужные записи.",
        "Сохраните изменения."
      ],
      "ui_notes": [
        "Изменения в справочнике автоматически отражаются при создании новых мероприятий.",
        "Некоторые поля защищены от редактирования — только администратор."
      ],
      "available_roles": ["воспитательный отдел", "администратор"]
    },
    {
      "id": "educational_event_management",
      "title": "Учёт мероприятий",
      "type": "module",
      "description": "Создание и учёт воспитательных мероприятий с фиксацией даты, тематики, формы и состава участников.",
      "steps": [
        "Перейдите в раздел «Мероприятия».",
        "Нажмите «Добавить мероприятие».",
        "Заполните поля: название, дата, форма, формат (онлайн/офлайн), организатор.",
        "Добавьте список участников вручную или через импорт.",
        "Сохраните мероприятие."
      ],
      "validation": [
        "Поле «Дата» обязательно.",
        "Количество участников не может быть ноль."
      ],
      "ui_notes": [
        "После сохранения мероприятие отображается в общем списке с фильтрами по дате, типу и статусу.",
        "Можно экспортировать список мероприятий в Excel."
      ],
      "available_roles": ["воспитательный отдел"]
    },
    {
      "id": "student_community_tracking",
      "title": "Студенческие объединения",
      "type": "module",
      "description": "Учёт студентов, входящих в официально зарегистрированные студенческие объединения (клубы, союзы, волонтёры и т.д.).",
      "steps": [
        "Откройте раздел «Объединения студентов».",
        "Выберите объединение из справочника.",
        "Нажмите «Добавить участника».",
        "Выберите студента или загрузите список из файла.",
        "Сохраните изменения."
      ],
      "ui_notes": [
        "Система отслеживает активность студентов в объединениях по периодам.",
        "Можно указать дату вступления и выхода."
      ],
      "available_roles": ["воспитательный отдел", "куратор"]
    },
    {
      "id": "student_survey_participation",
      "title": "Анкетирование студентов",
      "type": "module",
      "description": "Форма оценки качества воспитательной работы через анкетирование студентов.",
      "steps": [
        "Перейдите в раздел «Анкетирование студентов».",
        "Выберите тип анкеты: общая, по мероприятию, по объединению.",
        "Выберите студента или группу студентов.",
        "Заполните ответы по шкале или открытым вопросам.",
        "Нажмите «Сохранить»."
      ],
      "validation": [
        "Все обязательные поля должны быть заполнены.",
        "Анкету можно заполнить только один раз для одного студента по одному мероприятию."
      ],
      "ui_notes": [
        "Анкетирование анонимное, если не указано иное.",
        "Результаты доступны только сотрудникам воспитательного отдела."
      ],
      "available_roles": ["воспитательный отдел"]
    },
    {
      "id": "staff_feedback_collection",
      "title": "Анкетирование коллег (ППС)",
      "type": "module",
      "description": "Сбор обратной связи от преподавателей о воспитательной активности студентов и участии в мероприятиях.",
      "steps": [
        "Перейдите в раздел «Опрос ППС».",
        "Выберите преподавателя и направление опроса.",
        "Заполните поля оценки или комментарии.",
        "Сохраните анкету."
      ],
      "ui_notes": [
        "Форма может быть как количественной (рейтинги), так и качественной (открытые ответы).",
        "Доступ к результатам — только у руководителя воспитательного блока."
      ],
      "available_roles": ["воспитательный отдел"]
    },
    {
      "id": "curator_student_linking",
      "title": "Работа куратора и привязка студентов",
      "type": "module",
      "description": "Функция назначает кураторов на группы студентов и отслеживает активность в рамках воспитательной работы.",
      "steps": [
        "Откройте раздел «Кураторы / группы студентов».",
        "Выберите группу или студента.",
        "Назначьте куратора из списка преподавателей.",
        "Сохраните привязку."
      ],
      "ui_notes": [
        "Каждому студенту может быть назначен только один куратор на семестр.",
        "Кураторы могут вносить записи о взаимодействии (встречи, отчёты)."
      ],
      "available_roles": ["воспитательный отдел", "куратор"]
    }
  ]
}

  ]
}
