{
  "metadata": {
    "file_name": "Комиссия",
    "source_type": "university_documentation",
    "last_updated": "2025-04-04"
  },
  "content": [
    {
      "id": "exam_commission_overview",
      "title": "Комиссия по государственным экзаменам",
      "type": "module",
      "description": "Модуль предназначен для создания, редактирования и просмотра комиссий для государственных экзаменов, а также управления типами комиссий.",
      "keywords": ["государственная комиссия", "экзамены", "создание комиссии", "председатель", "тип комиссии"],
      "access_control": "Доступ открыт сотрудникам факультета и учебного отдела.",
      "steps": [
        "Выберите факультет и нажмите команду «Выбор».",
        "На экране появится список существующих комиссий.",
        "Нажмите «Добавить» для создания новой комиссии.",
        "Заполните название комиссии на трёх языках, выберите факультет и год обучения.",
        "Назначьте членов комиссии: выберите кафедру, преподавателя, тип комиссии и нажмите «Выбор».",
        "После завершения назначения нажмите «Сохранить»."
      ],
      "notes": [
        "Для редактирования выделите комиссию и нажмите «Редактировать».",
        "Можно добавлять/удалять членов комиссии на любом этапе до сохранения.",
        "После сохранения комиссия будет участвовать в распределении студентов на экзамен."
      ]
    },
    {
      "id": "exam_commission_types",
      "title": "Типы комиссий",
      "type": "submodule",
      "description": "Управление справочником типов комиссий.",
      "steps": [
        "Нажмите кнопку «Типы комиссий».",
        "В открывшемся окне можно редактировать, удалять или добавлять типы комиссий.",
        "Для добавления нажмите «Добавить», введите данные, подтвердите действие."
      ]
    }
  ]
}
