{
  "metadata": {
    "file_name": "Модуль Дополнительный семестр",
    "source_type": "university_documentation",
    "last_updated": "2025-04-04"
  },
  "content": [
    {
      "id": "extra_semester_calendar",
      "title": "Академический календарь доп. семестра",
      "type": "module",
      "description": "Создание и настройка графика дополнительного семестра, включая периоды обучения, регистрации, оплат и аттестаций.",
      "steps": [
        "Откройте раздел «Академический календарь».",
        "Нажмите «Создать календарь» или выберите существующий.",
        "Укажите периоды: регистрация, обучение, пересдачи, аттестации.",
        "Сохраните и установите статус: Черновик / Активен / Завершён."
      ],
      "status_behavior": [
        {
          "status": "Черновик",
          "description": "Редактируется, но недоступен пользователям."
        },
        {
          "status": "Активен",
          "description": "Открыт для регистрации студентов и преподавателей."
        },
        {
          "status": "Завершён",
          "description": "Недоступен для редактирования, архивируется."
        }
      ],
      "validation": [
        "Каждый период должен иметь начало и конец.",
        "Периоды не должны пересекаться по датам."
      ],
      "ui_notes": [
        "После сохранения календаря доступ к нему получают модули: дисциплины, регистрация студентов и отчёты.",
        "Форма включает визуальный календарь и таблицу с датами."
      ],
      "available_roles": ["учебный отдел", "администратор"]
    },
    {
      "id": "extra_semester_courses",
      "title": "Дисциплины дополнительного семестра",
      "type": "module",
      "description": "Создание списка доступных дисциплин, назначение преподавателей, контроль нагрузки и формы обучения.",
      "steps": [
        "Откройте раздел «Дисциплины».",
        "Нажмите «Добавить дисциплину».",
        "Укажите наименование, преподавателя, количество кредитов, формат (дневное/заочное).",
        "Сохраните запись."
      ],
      "validation": [
        "Название дисциплины обязательно.",
        "Один преподаватель может вести только ограниченное количество дисциплин (по норме)."
      ],
      "ui_notes": [
        "Можно фильтровать список по преподавателю, направлению, типу дисциплины.",
        "Для каждой дисциплины отображается: количество студентов, стоимость, нагрузка."
      ],
      "available_roles": ["учебный отдел", "администратор"]
    },
    {
      "id": "extra_semester_student_registration",
      "title": "Регистрация студентов",
      "type": "module",
      "description": "Добавление студентов в дисциплины дополнительного семестра. Фиксация истории, договоров, и данных об оплате.",
      "steps": [
        "Откройте раздел «Студенты».",
        "Нажмите «Добавить» или «Импорт».",
        "Укажите ФИО, ИИН, дисциплину, форму обучения.",
        "Прикрепите договор или отметьте оплату.",
        "Сохраните запись."
      ],
      "validation": [
        "ИИН должен быть корректным и уникальным.",
        "Нельзя зарегистрировать студента дважды на одну и ту же дисциплину."
      ],
      "ui_notes": [
        "Система хранит историю дисциплин, в которых участвовал студент.",
        "Поддерживается массовый импорт из Excel."
      ],
      "available_roles": ["учебный отдел", "диспетчер"]
    },
    {
      "id": "extra_semester_attendance_and_assessment",
      "title": "Посещаемость и аттестации",
      "type": "module",
      "description": "Учёт посещаемости и аттестаций студентов в рамках дополнительных дисциплин.",
      "steps": [
        "Откройте вкладку «Посещаемость» или «Аттестации».",
        "Выберите дисциплину и дату.",
        "Отметьте присутствующих / оцените рубежный контроль.",
        "Нажмите «Сохранить»."
      ],
      "validation": [
        "Дата не должна выходить за рамки календаря семестра.",
        "Оценки — от 0 до 100 или FX, согласно шкале."
      ],
      "ui_notes": [
        "Посещаемость можно экспортировать в Excel.",
        "Появляется отметка напротив фамилии: ✓ — присутствовал, - — отсутствовал.",
        "Аттестации вводятся отдельно: РК1, РК2, экзамен."
      ],
      "available_roles": ["преподаватель", "учебный отдел"]
    },
    {
      "id": "extra_semester_certificate_generation",
      "title": "Сертификаты",
      "type": "module",
      "description": "Формирование и печать сертификатов о прохождении дополнительного семестра с указанием дисциплин, часов и оценок.",
      "steps": [
        "Перейдите в раздел «Сертификаты».",
        "Выберите студента или группу студентов.",
        "Проверьте данные дисциплин и часов.",
        "Нажмите «Сформировать сертификат».",
        "Скачайте в PDF или отправьте на печать."
      ],
      "ui_notes": [
        "Формат включает логотип, подпись, таблицу дисциплин, итоги, печать.",
        "Можно сформировать как индивидуально, так и для группы."
      ],
      "available_roles": ["учебный отдел"]
    }
 
  ]
}
