{
  "metadata": {
    "file_name": "Модуль Бухгалтерия ДДПУ (расширенный)",
    "source_type": "university_documentation",
    "last_updated": "2025-04-04"
  },
  "content": [
    {
      "id": "finance_student_search",
      "title": "Поиск студентов",
      "type": "module",
      "description": "Поиск студента по фамилии, ИИН или номеру заявки для просмотра платёжной истории и расчётов по заявкам.",
      "steps": [
        "Откройте модуль «Бухгалтерия ДДПУ».",
        "Введите ИИН, фамилию или номер заявки в поисковую строку.",
        "Нажмите «Поиск».",
        "Выберите нужного студента из выпадающего списка."
      ],
      "ui_notes": [
        "В результате поиска отображаются ФИО, ИИН, статус студента и краткая история заявок.",
        "Если студент не найден — появляется сообщение: «Совпадений не найдено»."
      ],
      "available_roles": ["бухгалтер", "администратор"],
      "validation": [
        "Поле поиска не должно быть пустым.",
        "Поиск по ИИН требует 12 цифр."
      ]
    },
    {
      "id": "finance_tuition_calculation",
      "title": "Стоимость обучения",
      "type": "module",
      "description": "Расчёт стоимости обучения студента на основании стоимости одного кредита и количества кредитов по заявке.",
      "steps": [
        "Откройте карточку студента.",
        "Нажмите «Добавить заявку» → выберите тип: FX, GPA или Повторное обучение.",
        "Укажите количество кредитов.",
        "Система автоматически рассчитает стоимость на основе установленного тарифа.",
        "Нажмите «Сохранить»."
      ],
      "status_behavior": [
        {
          "status": "Черновик",
          "description": "Заявка сохранена, но не отправлена в финансы."
        },
        {
          "status": "Сформирован счёт",
          "description": "Готов к оплате студентом через банк или Kaspi."
        },
        {
          "status": "Оплачено",
          "description": "Платёж подтверждён, заявка активирована."
        }
      ],
      "validation": [
        "Стоимость кредита не может быть нулевой.",
        "Количество кредитов должно быть положительным числом."
      ],
      "ui_notes": [
        "Стоимость одного кредита подтягивается из справочника.",
        "Если стоимость отличается — появляется предупреждение и возможность ручной корректировки."
      ],
      "available_roles": ["бухгалтер"]
    },
    {
      "id": "finance_application_processing",
      "title": "Обработка заявок: повторное, FX, GPA",
      "type": "module",
      "description": "Обработка платных заявок на обучение по повтору дисциплин: повторное, FX, повышение GPA. Управление статусами и расчётами.",
      "steps": [
        "Найдите студента и нажмите «Добавить заявку».",
        "Выберите тип: Повторное, FX, Повышение GPA.",
        "Укажите дисциплину, количество кредитов, дату заявки.",
        "Проверьте автоматический расчёт стоимости.",
        "Нажмите «Сформировать счёт» для оплаты.",
        "После оплаты отметьте заявку как «Оплачено»."
      ],
      "status_behavior": [
        {
          "status": "Создано",
          "description": "Заявка зарегистрирована, но не оплачена."
        },
        {
          "status": "Оплачено",
          "description": "Заявка активирована. Дисциплина будет включена в ИУП или пересдачу."
        },
        {
          "status": "Аннулировано",
          "description": "Заявка удалена до момента оплаты по решению студента или администратора."
        }
      ],
      "validation": [
        "Одна и та же дисциплина не может быть выбрана по разным типам одновременно.",
        "Нельзя создать новую заявку, если предыдущая по той же дисциплине активна."
      ],
      "ui_notes": [
        "Для FX заявок может быть установлен лимит по времени (например, 2 недели после экзамена).",
        "Если заявка оплачена через Kaspi — статус обновляется автоматически после интеграции."
      ],
      "available_roles": ["бухгалтер", "учебный офис"]
    },
    {
      "id": "finance_credit_tracking",
      "title": "Учёт кредитов (проверка ИУП)",
      "type": "module",
      "description": "Проверка соответствия оплаченных кредитов с фактическим учебным планом студента. Используется для сверки объёма повторного обучения.",
      "steps": [
        "Откройте карточку студента.",
        "Перейдите во вкладку «ИУП / Кол-во кредитов».",
        "Система отобразит выбранные дисциплины, их кредиты и вид заявки.",
        "Сравните с общей суммой оплаченных кредитов."
      ],
      "ui_notes": [
        "Если количество оплаченных кредитов меньше фактически выбранных — появляется предупреждение.",
        "Система не даёт сформировать итоговый счёт, если кредиты не распределены корректно."
      ],
      "available_roles": ["бухгалтер", "учебный отдел"],
      "validation": [
        "Подсчёт возможен только после регистрации дисциплин в ИУП."
      ]
    },
    {
      "id": "finance_mon_forms_reference",
      "title": "Справочники / Формы МОН РК",
      "type": "module",
      "description": "Раздел с шаблонами и справочниками для формирования отчётности по формам Министерства образования и науки РК (всего 23 формы).",
      "steps": [
        "Перейдите в раздел «Справочники / МОН РК».",
        "Выберите нужную форму из выпадающего списка.",
        "Система подгрузит данные автоматически.",
        "При необходимости внесите правки вручную.",
        "Сохраните или выгрузите в формате Excel."
      ],
      "ui_notes": [
        "Данные формируются на основании актуальных заявок, ИУП и регистрационных данных.",
        "Некоторые поля доступны только для ручного редактирования."
      ],
      "available_roles": ["бухгалтер", "аналитик", "отдел отчётности"]
    },
    {
      "id": "finance_kaspi_integration",
      "title": "Интеграция с Kaspi",
      "type": "module",
      "description": "Импорт файлов об оплате из Kaspi для автоматического обновления заявок. Упрощает сверку и активацию заявок без ручного ввода.",
      "steps": [
        "Получите выгрузку оплат из системы Kaspi в формате XLSX.",
        "Перейдите в модуль «Kaspi платёж» → нажмите «Загрузить файл».",
        "Выберите файл и нажмите «Импорт».",
        "Система автоматически сопоставит заявки по ИИН и сумме.",
        "Успешные оплаты получат статус «Оплачено»."
      ],
      "validation": [
        "Файл должен содержать корректный ИИН, номер заявки и сумму.",
        "Неверный формат ячеек или ошибок в названиях колонок вызовет отказ."
      ],
      "ui_notes": [
        "После загрузки система покажет отчёт: «Успешно обновлено — X, Ошибки — Y».",
        "Ошибки можно просмотреть во вкладке «Лог загрузки»."
      ],
      "available_roles": ["бухгалтер"]
    },
    {
      "id": "finance_debt_report",
      "title": "Отчёт по задолженности",
      "type": "module",
      "description": "Формирование списка студентов с неоплаченными заявками на обучение, пересдачи или повышение GPA.",
      "steps": [
        "Перейдите в раздел «Отчёт по задолженности».",
        "Выберите фильтр: по факультету, дате заявки или типу задолженности.",
        "Система отобразит список студентов с активными, но не оплаченными заявками.",
        "Нажмите «Скачать отчёт» для экспорта в Excel или PDF."
      ],
      "ui_notes": [
        "Список можно сортировать по дате, фамилии, сумме или статусу.",
        "При желании можно отправить напоминание через встроенное сообщение."
      ],
      "available_roles": ["бухгалтер", "учебный отдел"]
    }
  ]
}

