{
  "metadata": {
    "file_name": "Анкета индикативного плана",
    "source_type": "university_documentation",
    "last_updated": "2025-04-04"
  },
  "content": [
    {
      "id": "section_indicative_plan",
      "title": "Анкета индикативного плана",
      "keywords": ["индикативный план", "анкета", "плановое значение", "фактическое значение"],
      "paragraphs": [
        {
          "id": "section_indicative_plan.1",
          "text": "Для заполнения анкеты индикативного плана необходимо выбрать направление, задать показатель, ввести плановое и фактическое значение работы, описать работу и нажать «Сохранить»."
        }
      ]
    }
  ]
}

