{
  "metadata": {
    "file_name": "Интерактивный силлабус преподавателей",
    "source_type": "university_documentation",
    "last_updated": "2025-04-04"
  },
  "content": [
    {
      "id": "interactive_syllabus_statistics",
      "title": "Интерактивный силлабус преподавателей (Статистика)",
      "type": "module",
      "description": "Раздел предназначен для просмотра статуса заполнения интерактивных силлабусов преподавателей по факультетам и кафедрам.",
      "keywords": ["силлабус", "интерактивный", "статистика", "преподаватель", "поиск", "кафедра"],
      "access_control": "Доступ предоставляется сотрудникам, ответственным за мониторинг учебных материалов.",
      "steps": [
        "Откройте модуль «Интерактивный силлабус преподавателей (статистика)».",
        "Выберите факультет и кафедру из выпадающих списков.",
        "Нажмите кнопку «Поиск преподавателя».",
        "В нижней части окна появится список преподавателей.",
        "Выберите нужного преподавателя и нажмите кнопку «Просмотр».",
        "Откроется окно со статусом его интерактивного силлабуса."
      ],
      "notes": [
        "Статус силлабуса отображает, был ли он создан, утверждён и опубликован.",
        "Модуль помогает отслеживать выполнение требований по учебным материалам."
      ]
    }
  ]
}
