{
  "metadata": {
    "file_name": "Главная страница системы (расширенная)",
    "source_type": "university_documentation",
    "last_updated": "2025-04-04"
  },
  "content": [
    {
      "id": "main_page_overview",
      "title": "Главная страница системы",
      "type": "section",
      "description": "Главная страница отображается после авторизации и содержит доступные функции в зависимости от роли пользователя.",
      "keywords": ["авторизация", "роли", "главная страница", "меню", "идентификация"],
      "notes": [
        "Верхнее меню формируется по ролевой модели.",
        "Отображается имя, логин и ID пользователя.",
        "Кнопка «Выход» завершает сессию."
      ]
    },
    {
      "id": "main_page_news",
      "title": "Новости",
      "type": "module",
      "description": "Раздел предназначен для просмотра новостей, касающихся учебного процесса.",
      "keywords": ["новости", "учебный процесс", "объявления", "информация"],
      "notes": [
        "Контент модерируется администраторами и специалистами офиса регистратора."
      ],
      "access_control": "Открыт всем пользователям"
    },
    {
      "id": "main_page_mon_news",
      "title": "Новости МОН РК",
      "type": "module",
      "description": "Новости от Министерства образования и науки РК.",
      "keywords": ["мон рк", "официальные новости", "государственная информация"],
      "access_control": "Открыт всем пользователям"
    },
    {
      "id": "main_page_faq",
      "title": "Часто задаваемые вопросы",
      "type": "module",
      "description": "Список частых вопросов и ответов по системе UNIVER.",
      "keywords": ["faq", "вопросы", "помощь", "поддержка"],
      "steps": [
        "Перейдите по ссылке «Часто задаваемые вопросы».",
        "Найдите интересующий вопрос.",
        "Нажмите на значок рядом, чтобы раскрыть ответ."
      ],
      "notes": [
        "Блок модерируется администраторами системы."
      ]
    },
    {
      "id": "main_page_documents",
      "title": "Документы",
      "type": "module",
      "description": "Раздел для скачивания нормативных и вспомогательных документов.",
      "keywords": ["документы", "инструкции", "нормативка", "скачивание"],
      "steps": [
        "Выберите нужный документ.",
        "Нажмите на иконку дискеты рядом с файлом для скачивания."
      ]
    },
    {
      "id": "main_page_messages",
      "title": "Сообщения",
      "type": "module",
      "description": "Модуль для обмена сообщениями между пользователями системы UNIVER.",
      "keywords": ["сообщения", "переписка", "внутренняя почта"]
    },
    {
      "id": "main_page_profile",
      "title": "Личный профайл",
      "type": "module",
      "description": "Раздел для просмотра и редактирования личных данных сотрудника.",
      "keywords": ["профайл", "личные данные", "редактирование", "фото"],
      "steps": [
        "Нажмите «Редактировать», чтобы изменить данные.",
        "Для замены фото — нажмите «Обзор» и выберите файл."
      ],
      "notes": [
        "Доступные поля: место работы, должность, стаж, фотография."
      ]
    },
    {
      "id": "main_page_peer_survey",
      "title": "Анкетирование глазами коллег",
      "type": "module",
      "description": "Раздел для оценки преподавателей коллегами.",
      "keywords": ["анкетирование", "оценка преподавателей", "обратная связь"],
      "notes": [
        "Оцениваются все штатные преподаватели, кроме деканов и заведующих.",
        "Анкета становится доступной только в установленный период."
      ]
    },
    {
      "id": "main_page_online_test",
      "title": "Онлайн тест",
      "type": "module",
      "description": "Прохождение теста по академической политике.",
      "keywords": ["тест", "академическая политика", "онлайн"],
      "link": {
        "url": "https://online-test.kaznu.kz/home/MyProfile",
        "label": "Пройти тест"
      }
    },
    {
      "id": "main_page_support_request",
      "title": "Заявка на техподдержку",
      "type": "module",
      "description": "Отправка обращения по техническим вопросам через портал.",
      "keywords": ["техподдержка", "заявка", "ошибка", "поддержка"],
      "steps": [
        "Перейдите по ссылке на форму заявки.",
        "Заполните поля: описание проблемы, категория, прикрепите скриншоты.",
        "Нажмите «Отправить»."
      ],
      "link": {
        "url": "https://portal.farabi.university/ru/maintenance/create",
        "label": "Подать заявку"
      },
      "notes": [
        "Ответ приходит через модуль «Сообщения»."
      ]
    },
    {
      "id": "main_page_references",
      "title": "Общие положения и документы",
      "type": "reference_materials",
      "description": "Дополнительные документы, размещенные на главной странице.",
      "keywords": ["академическая политика", "регламент", "честность", "дистанционное обучение"],
      "documents": [
        "Академическая политика",
        "Политика академической честности",
        "Правила итогового контроля",
        "Горячая линия по дистанционному обучению",
        "Непрофильные дисциплины",
        "Регламент СЭР ФИНИШ (в условиях COVID)",
        "Инструкция по итоговому контролю (весна 2023–2024)",
        "Положение о проверке документов на заимствования",
        "Правила пребывания и обучения иностранных студентов",
        "Памятка об обязанностях иностранного гражданина"
      ]
    }
  ]
}
