{
  "metadata": {
    "file_name": "Модуль Методический отдел",
    "source_type": "university_documentation",
    "last_updated": "2025-04-04"
  },
  "content": [
    {
      "id": "umkd_archive",
      "title": "Архив УМКД",
      "type": "module",
      "description": "Просмотр, фильтрация и скачивание утверждённых учебно-методических комплексов дисциплин (УМКД) за прошлые годы.",
      "steps": [
        "Откройте раздел «Архив УМКД».",
        "Выберите фильтр: факультет, год, уровень образования, форма обучения.",
        "Нажмите «Поиск».",
        "Просмотрите найденные УМКД и нажмите на иконку скачивания."
      ],
      "ui_notes": [
        "Файлы доступны в формате PDF, DOCX.",
        "Фильтры позволяют найти документы за нужный учебный год."
      ],
      "available_roles": ["методист", "администратор", "преподаватель"]
    },
    {
      "id": "teacher_umkd_review",
      "title": "Проверка УМКД от преподавателей",
      "type": "module",
      "description": "Методист проверяет и подтверждает УМКД, загруженные преподавателями. Возможность оставить комментарий или отклонить файл.",
      "steps": [
        "Перейдите в раздел «УМКД на проверке».",
        "Выберите преподавателя и дисциплину.",
        "Просмотрите прикреплённый файл.",
        "Нажмите «Принять» или «Отклонить» с комментарием."
      ],
      "status_behavior": [
        {
          "status": "Ожидает проверки",
          "description": "Файл загружен, но ещё не просмотрен."
        },
        {
          "status": "Принят",
          "description": "Файл утверждён и перемещён в архив."
        },
        {
          "status": "Отклонён",
          "description": "Файл требует доработки. Комментарий отправлен преподавателю."
        }
      ],
      "ui_notes": [
        "Методист может загрузить исправленный файл вручную.",
        "История отклонений хранится и отображается в карточке дисциплины."
      ],
      "available_roles": ["методист"]
    },
    {
      "id": "umkd_structures",
      "title": "Настройка структуры УМКД",
      "type": "module",
      "description": "Определение перечня обязательных УМКД по видам занятий (лекции, практика и т.д.) и уровням образования.",
      "steps": [
        "Откройте раздел «Настройка структуры УМКД».",
        "Выберите тип обучения (бакалавриат, магистратура и т.д.).",
        "Укажите, какие элементы УМКД обязательны для каждого вида занятий.",
        "Сохраните изменения."
      ],
      "ui_notes": [
        "Изменения вступают в силу сразу для новых загрузок.",
        "Можно задать структуру по кафедре или факультету."
      ],
      "available_roles": ["методист", "администратор"]
    },
    {
      "id": "interactive_syllabus",
      "title": "Интерактивный силлабус",
      "type": "module",
      "description": "Просмотр структуры курса в формате силлабуса: цели, темы, задания, формы контроля, шкала оценивания.",
      "steps": [
        "Откройте раздел «Интерактивный силлабус».",
        "Выберите дисциплину и преподавателя.",
        "Просмотрите разделы силлабуса постранично: цель, содержание, расписание, задания.",
        "Скачайте силлабус в формате PDF (если доступно)."
      ],
      "ui_notes": [
        "Некоторые поля могут быть скрыты от студентов до утверждения.",
        "Силлабус обновляется автоматически при изменении УМКД."
      ],
      "available_roles": ["методист", "преподаватель", "деканат"]
    },
    {
      "id": "methodical_catalogs",
      "title": "Справочники методического отдела",
      "type": "module",
      "description": "Управление справочниками, связанными с дисциплинами, УМКД, кафедрами, форматами занятий.",
      "steps": [
        "Перейдите в раздел «Справочники».",
        "Выберите категорию: дисциплины, кафедры, виды УМКД и др.",
        "Добавьте, измените или удалите элемент.",
        "Сохраните изменения."
      ],
      "ui_notes": [
        "Изменения в справочниках автоматически отражаются в других модулях.",
        "История изменений записывается и доступна для просмотра."
      ],
      "available_roles": ["методист", "администратор"]
    }
  ]
}
