{
  "metadata": {
    "file_name": "Модуль Военная кафедра",
    "source_type": "university_documentation",
    "last_updated": "2025-04-04"
  },
  "content": [
    {
      "id": "military_student_search",
      "title": "Поиск студентов",
      "type": "module",
      "description": "Интерфейс для поиска студентов, проходящих подготовку на военной кафедре.",
      "steps": [
        "Откройте раздел «Поиск студентов».",
        "Введите ФИО, ИИН или выберите по факультету.",
        "Нажмите кнопку «Поиск».",
        "Выберите студента из списка для просмотра профиля."
      ],
      "validation": [
        "Поле поиска должно быть заполнено хотя бы частично.",
        "ИИН должен содержать 12 цифр."
      ],
      "available_roles": ["военный отдел", "учебный отдел"]
    },
    {
      "id": "military_profile_view",
      "title": "Карточка студента",
      "type": "module",
      "description": "Просмотр полной информации по студенту: регистрационные данные, статус, распределение, присвоения званий.",
      "steps": [
        "Найдите и выберите студента.",
        "Перейдите в «Карточка студента».",
        "Просмотрите: ФИО, ИИН, пол, гражданство, дисциплины, приказ на зачисление, присвоение звания и др.",
        "Для редактирования используйте кнопку «Изменить» (если доступно)."
      ],
      "ui_notes": [
        "Отображаются поля: группа, год поступления, текущий статус, направление подготовки, УДО, форма обучения, результат распределения."
      ],
      "available_roles": ["военный отдел"]
    },
    {
      "id": "military_t2_report",
      "title": "Отчёт Т-2",
      "type": "module",
      "description": "Формирование и выгрузка формы Т-2 на каждого студента в соответствии с приказами МО РК.",
      "steps": [
        "Откройте карточку студента.",
        "Нажмите «Сформировать Т-2».",
        "Проверьте заполненные данные.",
        "Нажмите «Скачать» для сохранения в формате PDF или Excel."
      ],
      "ui_notes": [
        "Форма содержит основные сведения по обучению, званию, успеваемости.",
        "Файл подписывается вручную или через ЭЦП вне системы."
      ],
      "available_roles": ["военный отдел"]
    },
    {
      "id": "military_reference_books",
      "title": "Справочники военной кафедры",
      "type": "module",
      "description": "Набор справочников для учета студентов и формирования отчётности: ФО, УДО, Звания, Приказы.",
      "steps": [
        "Перейдите в раздел «Справочники».",
        "Выберите нужный справочник: форма обучения, учебный дисциплинарный орган, звание, приказ.",
        "Добавьте, измените или удалите запись.",
        "Сохраните изменения."
      ],
      "ui_notes": [
        "При использовании справочников данные обновляются в карточках студентов автоматически.",
        "Редактирование доступно только с ролью администратора военного отдела."
      ],
      "available_roles": ["администратор", "военный отдел"]
    },
    {
      "id": "military_udo_monitoring",
      "title": "Учебный дисциплинарный орган (УДО)",
      "type": "module",
      "description": "Отчёт о распределении студентов по УДО, контроль количества, выгрузка в Excel.",
      "steps": [
        "Перейдите в раздел «УДО / Мониторинг».",
        "Выберите учебный год и форму обучения.",
        "Откроется таблица с количеством студентов по УДО.",
        "Нажмите «Скачать отчёт» для экспорта данных."
      ],
      "ui_notes": [
        "Отчёт формируется автоматически на основе актуальных приказов и распределения.",
        "Выводится общее и пофамильное количество студентов."
      ],
      "available_roles": ["военный отдел", "аналитик"]
    }
  ]
}
