{
  "metadata": {
    "file_name": "Главная страница системы (оптимизировано)",
    "source_type": "university_documentation",
    "last_updated": "2025-03-27"
  },
  "content": [
    {
      "id": "section_1",
      "title": "Авторизация и доступ",
      "keywords": ["авторизация", "главная страница", "меню по ролям", "выход из системы"],
      "paragraphs": [
        {
          "id": "section_1.1",
          "text": "После успешной авторизации пользователь попадает на главную страницу согласно своей роли. Меню и доступ формируются в зависимости от роли. В верхнем меню отображаются доступные модули. В правом верхнем углу отображается имя, логин и ID пользователя. Кнопка \"Выход\" используется для завершения сеанса."
        }
      ]
    },
    {
      "id": "section_2",
      "title": "Функции главной страницы",
      "keywords": ["основные функции", "модули главной страницы"],
      "paragraphs": [
        {"id": "section_2.1", "text": "Главная страница содержит следующие функции:"},
        {"id": "section_2.2", "text": "Новости – чтение актуальных новостей.", "keywords": ["новости"]},
        {"id": "section_2.3", "text": "Новости МОН РК – новости от Министерства образования.", "keywords": ["новости мон"]},
        {"id": "section_2.4", "text": "Часто задаваемые вопросы – просмотр FAQ и ответов.", "keywords": ["часто задаваемые вопросы", "faq"]},
        {"id": "section_2.5", "text": "Документы – скачивание документов.", "keywords": ["документы", "загрузка"]},
        {"id": "section_2.6", "text": "Сообщения – обмен сообщениями между пользователями.", "keywords": ["сообщения", "переписка"]},
        {"id": "section_2.7", "text": "Личный профайл – просмотр и редактирование профиля.", "keywords": ["профайл", "редактирование"]},
        {"id": "section_2.8", "text": "Анкетирование – прохождение анкетирования коллегами.", "keywords": ["анкетирование", "оценка"]},
        {"id": "section_2.9", "text": "Онлайн тест – прохождение теста на академическую политику.", "keywords": ["тест", "академическая политика"]},
        {
          "id": "section_2.10",
          "text": "Заявка на техподдержку – функция предназначена для подачи заявки через портал в случае технических проблем, связанных с системой UNIVER. Пользователь может описать суть проблемы, выбрать категорию, прикрепить скриншоты и отправить заявку в техподдержку. Ответ будет предоставлен через внутреннюю систему сообщений.",
          "keywords": ["техподдержка", "техническая поддержка", "заявка", "обращение", "поддержка", "технические проблемы", "внутренняя помощь", "портал", "саппорт"]
        }
    ]},
    {
      "id": "section_3",
      "title": "Общие положения университета",
      "keywords": ["академическая политика", "регламенты", "инструкции", "правила"] ,
      "paragraphs": [
        {"id": "section_3.1", "text": "Академическая политика, политика честности, правила итогового контроля."},
        {"id": "section_3.2", "text": "Горячая линия по дистанционному обучению."},
        {"id": "section_3.3", "text": "Непрофильные дисциплины и их порядок изучения."},
        {"id": "section_3.4", "text": "Регламент СЭР ФИНИШ: организация учебного процесса в период ограничений."},
        {"id": "section_3.5", "text": "Инструкция по итоговому контролю (весна 2023–2024)."},
        {"id": "section_3.6", "text": "Положение о проверке документов на заимствования."},
        {"id": "section_3.7", "text": "Правила пребывания и обучения иностранных студентов."},
        {"id": "section_3.8", "text": "Памятка об обязанностях иностранного гражданина."}
      ]
    },
    {
      "id": "section_4",
      "title": "Новости",
      "keywords": ["новости", "учебный процесс", "модерация", "администратор"],
      "paragraphs": [
        {
          "id": "section_4.1",
          "text": "В блоке новостей размещается информация, касающаяся учебного процесса. Контент модерируется администраторами и офисом регистратора."
        }
      ]
    },
    {
      "id": "section_5",
      "title": "Часто задаваемые вопросы",
      "keywords": ["faq", "вопросы", "ответы", "раздел помощи", "поиск", "поддержка"],
      "paragraphs": [
        {
          "id": "section_5.1",
          "text": "Раздел содержит часто встречающиеся вопросы и ответы по системе UNIVER. Для доступа нужно перейти по ссылке \"Часто задаваемые вопросы\" и выбрать нужный вопрос. Ответ раскрывается по нажатию на значок."
        }
      ]
    },
    {
      "id": "section_6",
      "title": "Сообщения",
      "keywords": ["входящие", "исходящие", "переписка", "фильтр", "отправка", "удаление"],
      "paragraphs": [
        {
          "id": "section_6.1",
          "text": "Раздел предназначен для обмена сообщениями между пользователями. Поддерживаются входящие/исходящие письма, фильтрация по отправителю и удаление."
        }
      ]
    },
    {
      "id": "section_7",
      "title": "Документы",
      "keywords": ["документы", "загрузка", "скачивание", "инструкции", "нормативные акты"],
      "paragraphs": [
        {
          "id": "section_7.1",
          "text": "Документы сгруппированы по категориям. Для скачивания используйте кнопку с иконкой дискеты."
        }
      ]
    },
    {
      "id": "section_8",
      "title": "Анкетирование глазами коллег",
      "keywords": ["анкетирование", "оценка преподавателей", "учебный отдел"],
      "paragraphs": [
        {
          "id": "section_8.1",
          "text": "Оцениваются преподаватели, кроме деканов и заведующих. Анкета доступна только в период анкетирования, установленный ответственными отделами."
        }
      ]
    },
    {
      "id": "section_9",
      "title": "Личный профайл",
      "keywords": ["личные данные", "фото", "редактирование", "должность", "стаж"],
      "paragraphs": [
        {
          "id": "section_9.1",
          "text": "Профайл содержит информацию о месте работы, должности, стаже. Пользователь может редактировать поля и загружать фото через кнопку \"Обзор\"."
        }
      ]
    }
  ]
}
