{
  "metadata": {
    "file_name": "Модуль Проректор",
    "source_type": "university_documentation",
    "last_updated": "2025-04-04"
  },
  "content": [
    {
      "id": "prorector_teachers_view",
      "title": "Просмотр преподавателей и расписания",
      "type": "module",
      "description": "Обзор преподавательской активности: расписание, посещаемость, УМКД, экзаменационные материалы.",
      "steps": [
        "Перейдите в раздел «Преподаватели».",
        "Выберите преподавателя по ФИО, кафедре или нагрузке.",
        "Откройте вкладки: расписание, ведомости, УМКД, экзамены.",
        "Скачайте или просмотрите интересующие документы."
      ],
      "ui_notes": [
        "Можно фильтровать по факультетам, нагрузке и активности.",
        "Доступна сводка посещаемости преподавателем собственных пар."
      ],
      "available_roles": ["проректор", "служба мониторинга"]
    },
    {
      "id": "prorector_survey_analysis",
      "title": "Анализ анкетирования",
      "type": "module",
      "description": "Просмотр результатов анкет студентов и преподавателей. Вывод диаграмм, текстовых комментариев и рейтингов.",
      "steps": [
        "Откройте раздел «Анкетирование».",
        "Выберите семестр, факультет или преподавателя.",
        "Просмотрите количественные итоги и анонимные отзывы.",
        "Сформируйте отчёт в формате PDF или Excel."
      ],
      "ui_notes": [
        "Визуализация в виде гистограмм, средних баллов и отклонений.",
        "Фильтрация по курсу, предмету и форме обучения."
      ],
      "available_roles": ["проректор", "деканат"]
    },
    {
      "id": "prorector_violations_management",
      "title": "Нарушения преподавателей",
      "type": "module",
      "description": "Просмотр, анализ и утверждение нарушений: дисциплинарные, методические, административные.",
      "steps": [
        "Перейдите в раздел «Нарушения ППС».",
        "Отфильтруйте по типу, факультету, дате.",
        "Откройте карточку нарушения, при необходимости добавьте комментарий.",
        "Подтвердите или верните на доработку в деканат."
      ],
      "ui_notes": [
        "Нарушения можно сгруппировать по степени важности.",
        "Доступна печать карточек нарушений."
      ],
      "available_roles": ["проректор"]
    },
    {
      "id": "prorector_advisors_overview",
      "title": "Обзор эдвайзеров",
      "type": "module",
      "description": "Просмотр распределения эдвайзеров по факультетам и группам, численность подопечных, активность по ИУП.",
      "steps": [
        "Перейдите в раздел «Эдвайзеры».",
        "Выберите факультет или курс.",
        "Посмотрите, сколько студентов прикреплено, сколько ИУП согласовано.",
        "Откройте статистику активности по каждому эдвайзеру."
      ],
      "ui_notes": [
        "Имеется колонка 'ИУП согласовано / всего'.",
        "Доступна сортировка по нагрузке."
      ],
      "available_roles": ["проректор", "деканат"]
    },
    {
      "id": "prorector_students_overview",
      "title": "Карточки студентов",
      "type": "module",
      "description": "Просмотр профилей студентов с возможностью анализа транскриптов, посещаемости, задолженностей.",
      "steps": [
        "Перейдите в раздел «Студенты».",
        "Найдите нужного по ФИО, ИИН или группе.",
        "Откройте вкладки: дисциплины, GPA, ИУП, академ. история.",
        "При необходимости — скачайте транскрипт или список дисциплин."
      ],
      "ui_notes": [
        "Отображаются статусы: на FX, на отчисление, на выпуск.",
        "Возможно формирование отчёта по всей группе."
      ],
      "available_roles": ["проректор", "деканат", "учебный отдел"]
    },
    {
      "id": "prorector_schedule_faculty",
      "title": "Расписание факультета",
      "type": "module",
      "description": "Просмотр совокупного расписания занятий по факультетам, потокам и преподавателям. Контроль пересечений.",
      "steps": [
        "Перейдите в раздел «Факультет → Расписание».",
        "Выберите факультет, курс или преподавателя.",
        "Просмотрите сетку по неделям и парам.",
        "Отфильтруйте по аудитории, дню недели или дисциплине."
      ],
      "ui_notes": [
        "Пересечения и накладки выделяются цветом.",
        "Доступна печать общего расписания и экспорт в Excel."
      ],
      "available_roles": ["проректор", "деканат", "отдел расписания"]
    },
    {
      "id": "prorector_exam_schedule_summary",
      "title": "Экзаменационная сводка",
      "type": "module",
      "description": "Сводная форма по экзаменам: дата, дисциплина, преподаватель, аудитория, количество студентов. Отображается по факультетам.",
      "steps": [
        "Откройте вкладку «Экзамены / Сводка».",
        "Выберите период или факультет.",
        "Просмотрите таблицу по всем запланированным экзаменам.",
        "Проверьте статусы: 'запланирован', 'перенесён', 'проведён'."
      ],
      "ui_notes": [
        "Система выделяет перегруженные аудитории и временные конфликты.",
        "Возможна печать ведомостей или распределений по аудиториям."
      ],
      "available_roles": ["проректор", "учебный отдел"]
    },
    {
      "id": "prorector_student_dorm_requests",
      "title": "Представления на общежитие",
      "type": "module",
      "description": "Просмотр и утверждение списков студентов на заселение в общежитие. Проверка статуса, квоты и итоговых решений.",
      "steps": [
        "Перейдите в «Общежитие / Представления».",
        "Выберите семестр и факультет.",
        "Откройте представление с прикреплёнными студентами.",
        "Подтвердите или отклоните список с комментарием."
      ],
      "ui_notes": [
        "Доступна информация по квотам и остаткам мест.",
        "После утверждения студенты получают подтверждение в личном кабинете."
      ],
      "available_roles": ["проректор", "социальный отдел"]
    },
    {
      "id": "prorector_student_graduation_files",
      "title": "Выпускные работы студентов",
      "type": "module",
      "description": "Просмотр списка дипломных работ с антиплагиатом, темами, руководителями и статусами допуска.",
      "steps": [
        "Откройте раздел «Выпускники / ВКР».",
        "Выберите факультет, кафедру или студента.",
        "Просмотрите тему работы, руководителя, оригинальность (антиплагиат).",
        "Проверьте, допущен ли студент к защите."
      ],
      "ui_notes": [
        "Можно скачать PDF-файлы и протоколы допусков.",
        "Система подсвечивает рисковые случаи: низкая оригинальность, не утверждённый план."
      ],
      "available_roles": ["проректор", "ГАК", "деканат"]
    }
  ]
}
