{
  "metadata": {
    "file_name": "Генерация QR кода",
    "source_type": "university_documentation",
    "last_updated": "2025-04-04"
  },
  "content": [
    {
      "id": "section_qr_generator",
      "title": "Генерация QR кода",
      "keywords": ["QR код", "ссылка", "текст", "изображение", "генерация"],
      "paragraphs": [
        {
          "id": "section_qr_generator.1",
          "text": "Для генерации QR-кода необходимо ввести текст или ссылку, выбрать размер изображения и нажать кнопку «Скачать документ»."
        }
      ]
    }
  ]
}
