{
  "metadata": {
    "file_name": "Вопросник",
    "source_type": "university_documentation",
    "last_updated": "2025-04-04"
  },
  "content": [
    {
      "id": "section_questionnaire",
      "title": "Вопросник",
      "keywords": ["вопросник", "экзаменационные вопросы", "привязка к группам", "копирование", "редактирование"],
      "paragraphs": [
        {
          "id": "section_questionnaire.1",
          "text": "Функция позволяет создавать, редактировать и копировать вопросники. Вопросник можно привязывать к группам текущего семестра при совпадении кредитов и ступени обучения."
        },
        {
          "id": "section_questionnaire.2",
          "text": "Вопросы вводятся по блокам, можно добавлять изображения и формулы. Вопросник утверждается, после чего редактирование невозможно без снятия утверждения."
        }
      ]
    }
  ]
}
