{
  "metadata": {
    "file_name": "Ввод анкеты ППС",
    "source_type": "university_documentation",
    "last_updated": "2025-04-04"
  },
  "content": [
    {
      "id": "section_rating_input",
      "title": "Ввод анкеты ППС",
      "keywords": ["рейтинг", "ППС", "анкета", "ввод данных", "оценка деятельности"],
      "paragraphs": [
        {
          "id": "section_rating_input.1",
          "text": "Модуль предназначен для ввода рейтинговой анкеты ППС с данными об образовательной деятельности. Вводятся числовые значения и описания, система автоматически рассчитывает баллы."
        },
        {
          "id": "section_rating_input.2",
          "text": "После ввода значений и описаний преподаватель сохраняет данные. Формируется выходная форма рейтинговой анкеты."
        }
      ]
    }
  ]
}
