{
  "metadata": {
    "file_name": "Модуль Офис регистратора",
    "source_type": "university_documentation",
    "last_updated": "2025-04-04"
  },
  "content": [
    {
      "id": "academic_plans",
      "title": "Учебные планы и академический календарь",
      "type": "module",
      "description": "Управление структурой и содержанием учебных планов, загрузка календарей по каждому уровню и факультету.",
      "steps": [
        "Перейдите в раздел «Учебные планы».",
        "Выберите факультет, ОП, форму и язык обучения.",
        "Добавьте или отредактируйте учебный план: дисциплины, блоки, кредитность.",
        "Откройте раздел «Календарь» и загрузите даты на семестр.",
        "Сохраните и подтвердите публикацию плана."
      ],
      "ui_notes": [
        "Каждый план связан с кодом ОП и учебным годом.",
        "Поддерживается Excel-экспорт/импорт планов.",
        "Календарь автоматически передаётся в связанные модули (регистрация, ведомости, тесты)."
      ],
      "available_roles": ["офис регистратора", "методист", "администратор"]
    },
    {
      "id": "academic_calendar_modules",
      "title": "Дополнительные модули и повторное обучение",
      "type": "module",
      "description": "Настройка периодов и дисциплин дополнительного семестра или летней школы, отображение в ИУП.",
      "steps": [
        "Откройте вкладку «Доп. модули» в учебном плане.",
        "Выберите или создайте модуль: тип, даты, ограничения.",
        "Добавьте дисциплины, преподавателей, лимиты по заявке.",
        "Свяжите модуль с группами и календарём регистрации."
      ],
      "ui_notes": [
        "Позволяет отдельно настраивать блоки GPA, FX и модулей летней школы.",
        "Отображается в интерфейсе эдвайзера и студента при формировании ИУП."
      ],
      "available_roles": ["офис регистратора", "деканат"]
    },
    {
      "id": "discipline_editor",
      "title": "Редактор дисциплин",
      "type": "module",
      "description": "Создание, редактирование и назначение дисциплин по учебным планам и ОП.",
      "steps": [
        "Перейдите в раздел «Редактор дисциплин».",
        "Нажмите «Добавить дисциплину».",
        "Укажите название, кредиты, тип контроля, язык, блок.",
        "Назначьте преподавателя и семестр.",
        "Сохраните и привяжите к УП."
      ],
      "validation": [
        "Каждая дисциплина должна быть уникальна в рамках учебного плана.",
        "Обязательны: наименование, блок, контроль, кредитность."
      ],
      "ui_notes": [
        "Можно массово редактировать через Excel или таблицу.",
        "При изменении дисциплины обновляются связанные ведомости и ИУП."
      ],
      "available_roles": ["офис регистратора", "методист"]
    },
    {
      "id": "group_management",
      "title": "Формирование и удаление академических групп",
      "type": "module",
      "description": "Создание новых учебных групп, распределение студентов, настройка кураторов, удаление по завершению курса.",
      "steps": [
        "Откройте раздел «Группы студентов».",
        "Нажмите «Создать группу».",
        "Выберите факультет, курс, форму обучения.",
        "Добавьте студентов вручную или загрузкой.",
        "Назначьте куратора и сохраните."
      ],
      "ui_notes": [
        "Система проверяет наличие дубликатов по ИИН.",
        "Группа автоматически отображается в отчётах, силлабусах и расписании."
      ],
      "available_roles": ["офис регистратора", "деканат"]
    },
    {
      "id": "gradebooks",
      "title": "Создание и управление ведомостями",
      "type": "module",
      "description": "Создание, контроль и архивирование экзаменационных и текущих ведомостей по дисциплинам и группам.",
      "steps": [
        "Откройте раздел «Ведомости».",
        "Нажмите «Создать ведомость».",
        "Укажите семестр, дисциплину, преподавателя, тип контроля.",
        "Система сформирует список студентов автоматически.",
        "Сохраните и передайте преподавателю или внесите оценки вручную."
      ],
      "ui_notes": [
        "Ведомость блокируется после подписания.",
        "Можно выгрузить в Excel, PDF или XML (для МОН).",
        "Все действия логируются (дата, ФИО, статус)."
      ],
      "available_roles": ["офис регистратора", "преподаватель"]
    },
    {
      "id": "student_profiles",
      "title": "Карточка студента",
      "type": "module",
      "description": "Просмотр ИУП, аттестаций, посещаемости, транскрипта и итогов по каждому студенту. Доступ к аналитике успеваемости.",
      "steps": [
        "Перейдите в раздел «Студенты».",
        "Найдите студента по ФИО или ИИН.",
        "Просмотрите вкладки: дисциплины, оценки, ИУП, дипломная работа.",
        "При необходимости распечатайте транскрипт или ИУП."
      ],
      "ui_notes": [
        "Академическая история доступна по всем семестрам.",
        "Система отмечает студентов на FX, пересдачу, GPA-повышение."
      ],
      "available_roles": ["офис регистратора", "деканат", "эдвайзер"]
    },
    {
      "id": "direct_input_gradebook",
      "title": "Прямой ввод оценок",
      "type": "module",
      "description": "Функция ввода оценок напрямую в систему без использования ведомостей, для случаев ручной корректировки или переноса данных.",
      "steps": [
        "Откройте раздел «Прямой ввод оценок».",
        "Выберите студента и дисциплину.",
        "Укажите тип контроля (РК1, РК2, экзамен) и балл.",
        "Добавьте основание и прикрепите документ (если требуется).",
        "Сохраните."
      ],
      "validation": [
        "Возможен только при наличии соответствующего приказа.",
        "Оценка должна соответствовать шкале."
      ],
      "ui_notes": [
        "Все изменения регистрируются с указанием пользователя.",
        "Отмечается как 'ручной ввод' в аналитике и истории ведомости."
      ],
      "available_roles": ["офис регистратора", "учебный отдел"]
    },
    {
      "id": "fx_retakes",
      "title": "Ведомости на пересдачу (FX)",
      "type": "module",
      "description": "Формирование ведомостей пересдачи по дисциплинам, где студент получил FX. Связано с оплатой и ограничениями по срокам.",
      "steps": [
        "Перейдите в раздел «FX пересдачи».",
        "Выберите семестр и дисциплину.",
        "Система отобразит студентов с FX.",
        "Создайте ведомость и назначьте дату пересдачи.",
        "После проведения — внесите оценку и закройте ведомость."
      ],
      "validation": [
        "FX можно пересдавать только один раз.",
        "Наличие оплаты обязательно для допуска."
      ],
      "ui_notes": [
        "После сдачи автоматически обновляется транскрипт и GPA.",
        "Преподаватель видит только свою часть ведомости."
      ],
      "available_roles": ["офис регистратора", "преподаватель"]
    },
    {
      "id": "gak_retakes",
      "title": "Пересдача ГАК",
      "type": "module",
      "description": "Добавление и пересдача итогового экзамена по решению комиссии. Управляется вручную через ведомость ГЭК.",
      "steps": [
        "Откройте раздел «ГЭК пересдачи».",
        "Выберите студента и дисциплину.",
        "Создайте новую запись пересдачи.",
        "Укажите результат, дату, состав комиссии.",
        "Сохраните протокол пересдачи."
      ],
      "ui_notes": [
        "Может быть ограничено одним повтором.",
        "При пересдаче обновляется статус выпуска и GPA."
      ],
      "available_roles": ["офис регистратора", "секретарь ГАК"]
    },
    {
      "id": "advisor_assignment",
      "title": "Назначение эдвайзеров",
      "type": "module",
      "description": "Привязка преподавателей-эдвайзеров к академическим группам и студентам с учётом кафедры и нагрузки.",
      "steps": [
        "Перейдите в раздел «Эдвайзеры».",
        "Нажмите «Добавить» и выберите преподавателя.",
        "Укажите факультет, курс, группу или отдельного студента.",
        "Сохраните назначение и проверьте в журнале."
      ],
      "ui_notes": [
        "Можно назначать эдвайзеров как на целые потоки, так и на индивидуальных студентов.",
        "В журнале фиксируется, кто и когда назначил эдвайзера."
      ],
      "available_roles": ["офис регистратора", "деканат"]
    },
    {
      "id": "faculty_staff_management",
      "title": "Управление сотрудниками факультета",
      "type": "module",
      "description": "Назначение ролей, закрепление за кафедрами, дисциплинами и проверка активности преподавателей.",
      "steps": [
        "Откройте раздел «ППС / Кадровый состав».",
        "Нажмите «Добавить» или выберите преподавателя.",
        "Присвойте роль: эдвайзер, преподаватель, методист и т.д.",
        "Закрепите за кафедрой и дисциплинами.",
        "Сохраните."
      ],
      "ui_notes": [
        "Отображается список по кафедрам, наличие нагрузки, роль в портале.",
        "История назначений доступна по каждому ППС."
      ],
      "available_roles": ["офис регистратора", "HR-отдел", "деканат"]
    },
    {
      "id": "news_and_reports",
      "title": "Новости факультета и вспомогательные отчёты",
      "type": "module",
      "description": "Раздел публикации факультетских новостей и выгрузки технических отчётов по студентам, ППС и дисциплинам.",
      "steps": [
        "Перейдите в раздел «Новости / Отчёты».",
        "Нажмите «Добавить новость» или выберите отчёт из списка.",
        "Укажите текст, вложения или параметры фильтрации (для отчёта).",
        "Сохраните или экспортируйте в Excel."
      ],
      "ui_notes": [
        "Новости видны только внутри портала.",
        "Отчёты включают: списки студентов, нагрузки, ведомости, успеваемость."
      ],
      "available_roles": ["офис регистратора", "деканат"]
    },
    {
      "id": "iup_approval_workflow",
      "title": "Согласование ИУП",
      "type": "module",
      "description": "Механизм утверждения индивидуального учебного плана студента эдвайзером и деканатом. Контроль статуса.",
      "steps": [
        "Перейдите в раздел «ИУП / Согласование».",
        "Выберите семестр и группу.",
        "Проверьте ИУП: дисциплины, кредиты, типы занятий.",
        "Нажмите «Согласовать» или верните с комментарием.",
        "После финального утверждения ИУП блокируется."
      ],
      "status_behavior": [
        {
          "status": "Черновик",
          "description": "ИУП заполнен студентом, но не подан."
        },
        {
          "status": "На согласовании",
          "description": "Ожидает подтверждения эдвайзером или деканатом."
        },
        {
          "status": "Утверждён",
          "description": "ИУП заблокирован для редактирования."
        }
      ],
      "ui_notes": [
        "Есть встроенные фильтры: не утверждённые, отклонённые, по группам.",
        "Система блокирует подачу, если не соблюдены правила по кредитам."
      ],
      "available_roles": ["офис регистратора", "эдвайзер", "деканат"]
    },
    {
      "id": "gpa_improvement_and_repeat",
      "title": "Повторное обучение и повышение GPA",
      "type": "module",
      "description": "Управление регистрацией студентов на повторное прохождение дисциплин с целью повышения оценки и GPA. Связано с модулем платных заявок.",
      "steps": [
        "Откройте раздел «Повторное обучение / GPA».",
        "Выберите студента или группу.",
        "Отметьте дисциплины, подлежащие повтору.",
        "Убедитесь, что заявка оплачена (если требуется).",
        "Создайте ведомость или направьте в ИУП."
      ],
      "ui_notes": [
        "Система автоматически рассчитывает улучшение GPA при повторной сдаче.",
        "Ограничено одним повтором дисциплины (или согласно регламенту)."
      ],
      "available_roles": ["офис регистратора", "деканат"]
    }
  ]
}


