{
  "metadata": {
    "file_name": "Модуль Расписание",
    "source_type": "university_documentation",
    "last_updated": "2025-04-04"
  },
  "content": [
    {
      "id": "schedule_auditorium_registry",
      "title": "Аудиторный фонд",
      "type": "module",
      "description": "Управление списком аудиторий, назначение типа, вместимости, оборудования и принадлежности к корпусу/кафедре.",
      "steps": [
        "Перейдите в раздел «Аудитории».",
        "Нажмите «Добавить аудиторию».",
        "Укажите: корпус, номер, тип (лекционная, лаб.), вместимость, принадлежность.",
        "Сохраните и проверьте отображение в сетке."
      ],
      "ui_notes": [
        "Можно фильтровать по корпусу и вместимости.",
        "Каждая аудитория может быть привязана к кафедре или типу занятий."
      ],
      "available_roles": ["отдел расписания", "администратор"]
    },
    {
      "id": "schedule_editor",
      "title": "Редактор расписания занятий",
      "type": "module",
      "description": "Формирование и редактирование сетки расписания по семестрам, потокам, преподавателям и дисциплинам.",
      "steps": [
        "Откройте раздел «Расписание».",
        "Выберите семестр, факультет, курс.",
        "Сформируйте сетку: выберите аудиторию, время, дисциплину, преподавателя, группу.",
        "Сохраните. При необходимости — используйте автоматическую генерацию расписания."
      ],
      "ui_notes": [
        "Система предупреждает о пересечениях по преподавателю, группе, аудитории.",
        "Возможна выгрузка расписания по неделям."
      ],
      "available_roles": ["отдел расписания"]
    },
    {
      "id": "schedule_editor_srsp",
      "title": "Редактор СРСП",
      "type": "module",
      "description": "Настройка часов самостоятельной работы под контролем преподавателя. Назначается в рамках расписания.",
      "steps": [
        "Откройте вкладку «СРСП».",
        "Выберите дисциплину и преподавателя.",
        "Назначьте часы СРСП по неделям.",
        "Сохраните и проверьте отображение в журнале."
      ],
      "ui_notes": [
        "СРСП не отображаются в основном расписании, но видны в силлабусе и учебных часах.",
        "Можно выделить часы из дисциплины или задать отдельно."
      ],
      "available_roles": ["отдел расписания", "методист"]
    },
    {
      "id": "schedule_academic_plans",
      "title": "Привязка к учебным планам",
      "type": "module",
      "description": "Автоматическое сопоставление дисциплин расписания с учебными планами и группами, на основе ИУП и нагрузки.",
      "steps": [
        "Перейдите в раздел «Связь с УП».",
        "Выберите УП, семестр и поток.",
        "Система предложит список дисциплин и преподавателей по плану.",
        "Сопоставьте их с элементами в сетке расписания.",
        "Сохраните привязку."
      ],
      "ui_notes": [
        "При совпадении дисциплины и группы система автоматически подставляет преподавателя.",
        "Поддерживает массовую привязку по Excel."
      ],
      "available_roles": ["отдел расписания", "учебный отдел"]
    },
    {
      "id": "schedule_free_rooms",
      "title": "Свободные аудитории",
      "type": "module",
      "description": "Поиск доступных аудиторий по корпусу, времени, вместимости и типу (лекционная, лаборатория).",
      "steps": [
        "Откройте раздел «Свободные аудитории».",
        "Выберите день недели, пару, корпус.",
        "При необходимости укажите фильтр по типу аудитории и количеству мест.",
        "Просмотрите список доступных аудиторий и забронируйте при необходимости."
      ],
      "ui_notes": [
        "Результаты можно экспортировать или закрепить за мероприятием.",
        "Подсвечиваются аудитории, где есть перенос/окно."
      ],
      "available_roles": ["отдел расписания", "преподаватель"]
    },
    {
      "id": "schedule_free_rooms_exam",
      "title": "Свободные аудитории в экзаменационный период",
      "type": "module",
      "description": "Отдельный фильтр доступных помещений в период сессии — учитывает пересдачи, ГАК, FX.",
      "steps": [
        "Перейдите в раздел «Экзамены → Аудитории».",
        "Выберите дату экзамена, временной слот и корпус.",
        "Просмотрите доступные аудитории и распределение по занятиям.",
        "Сформируйте план рассадки или отметьте резерв."
      ],
      "ui_notes": [
        "Возможна массовая блокировка/открытие аудиторий.",
        "Встроен контроль пересечений с ГЭК и защитами ВКР."
      ],
      "available_roles": ["отдел расписания", "секретарь ГАК"]
    },
    {
      "id": "schedule_by_teacher",
      "title": "Расписание преподавателя",
      "type": "module",
      "description": "Отображение персонального расписания преподавателя по неделям, дисциплинам, корпусам и группам.",
      "steps": [
        "Откройте вкладку «По преподавателю».",
        "Выберите ФИО или кафедру.",
        "Посмотрите занятия по неделям или в табличной форме.",
        "При необходимости распечатайте или экспортируйте."
      ],
      "ui_notes": [
        "Показываются только утверждённые пары.",
        "Есть быстрые фильтры: текущая неделя, следующая, экзамены."
      ],
      "available_roles": ["преподаватель", "отдел расписания", "деканат"]
    },
    {
      "id": "schedule_by_room",
      "title": "Расписание по аудитории",
      "type": "module",
      "description": "Просмотр загруженности конкретной аудитории по времени, дате и типу занятия.",
      "steps": [
        "Перейдите в раздел «По аудитории».",
        "Выберите корпус и номер аудитории.",
        "Просмотрите занятия на выбранную неделю.",
        "Проверьте тип занятия и преподавателя."
      ],
      "ui_notes": [
        "Позволяет отслеживать перегруженные аудитории.",
        "Показывает забронированные, но отменённые пары (с пометкой)."
      ],
      "available_roles": ["отдел расписания", "технический персонал"]
    },
    {
      "id": "schedule_exam_editor",
      "title": "Редактор экзаменов",
      "type": "module",
      "description": "Создание и редактирование расписания экзаменов с контролем нагрузки, распределением по аудиториям и времени.",
      "steps": [
        "Откройте раздел «Редактор экзаменов».",
        "Выберите дату, преподавателя, группу или дисциплину.",
        "Укажите аудиторию, длительность, тип экзамена.",
        "Сохраните и проверьте пересечения или перегрузки."
      ],
      "ui_notes": [
        "Система блокирует перекрытие экзаменов у одного студента.",
        "Есть режим автоматической расстановки по аудиториям."
      ],
      "available_roles": ["отдел расписания", "учебный отдел"]
    },
    {
      "id": "schedule_exam_summary",
      "title": "Сводка экзаменов",
      "type": "module",
      "description": "Таблица по всем экзаменам: дата, время, дисциплина, преподаватель, группа, аудитория. Используется для контроля и печати.",
      "steps": [
        "Откройте «Сводка экзаменов».",
        "Выберите семестр или дату.",
        "Система отобразит таблицу с фильтрами: преподаватель, дисциплина, корпус.",
        "При необходимости экспортируйте в PDF или Excel."
      ],
      "ui_notes": [
        "Цветовая маркировка: устный / письменный / тестовый / защита.",
        "Отображает назначенные комиссии, если есть."
      ],
      "available_roles": ["проректор", "отдел расписания", "деканат"]
    },
    {
      "id": "schedule_advisor_hours",
      "title": "Расписание эдвайзеров",
      "type": "module",
      "description": "Отображение часов эдвайзерских консультаций в отдельной сетке, доступной студентам и деканату.",
      "steps": [
        "Откройте вкладку «Часы эдвайзеров».",
        "Выберите факультет или преподавателя.",
        "Просмотрите расписание приёмных часов по дням и неделям.",
        "Измените или добавьте новые интервалы (если есть права)."
      ],
      "ui_notes": [
        "Доступно только утверждённое расписание.",
        "Студенты видят расписание только своих эдвайзеров."
      ],
      "available_roles": ["эдвайзер", "деканат", "отдел расписания"]
    },
    {
      "id": "schedule_exam_seating_plan",
      "title": "План рассадки на экзамен (явочный лист)",
      "type": "module",
      "description": "Генерация списка студентов по аудиториям с распределением мест, отметкой явки и подписью.",
      "steps": [
        "Откройте раздел «План рассадки».",
        "Выберите экзамен: дата, дисциплина, группа.",
        "Система автоматически распределит студентов по аудиториям и местам.",
        "Скачайте PDF-форму для печати и отметки явки вручную."
      ],
      "ui_notes": [
        "Система учитывает вместимость и разбивку по подгруппам.",
        "Форма содержит поля: ФИО, номер билета, подпись, отметка присутствия."
      ],
      "available_roles": ["преподаватель", "отдел расписания", "контролёр"]
    }
  ]
}
