{
  "metadata": {
    "file_name": "Модуль Студенческий отдел",
    "source_type": "university_documentation",
    "last_updated": "2025-04-04"
  },
  "content": [
    {
      "id": "student_orders_view",
      "title": "Просмотр и подписание приказов на зачисление",
      "type": "module",
      "description": "Работа с приказами, сформированными приёмной комиссией. Подписание и передача в дальнейшую обработку.",
      "steps": [
        "Откройте раздел «Приказы на зачисление».",
        "Выберите учебный год или набор.",
        "Проверьте содержание приказа: список абитуриентов, направление, форма обучения.",
        "Подпишите приказ для передачи секретарю приёмной комиссии."
      ],
      "available_roles": ["студенческий отдел"]
    },
    {
      "id": "student_orders_list",
      "title": "Список и обработка приказов",
      "type": "module",
      "description": "Создание, редактирование, удаление и подписание приказов любого типа (перевод, выпуск, отчисление и др.).",
      "steps": [
        "Перейдите в «Список приказов».",
        "Нажмите «Создать приказ» и выберите тип (отчисление, академ. отпуск, перевод и др.).",
        "Заполните состав приказа: ФИО, ИИН, основание, комментарии.",
        "Сохраните, подпишите и отправьте в работу."
      ],
      "available_roles": ["студенческий отдел", "методист"]
    },
    {
      "id": "student_orders_templates",
      "title": "Шаблоны приказов и подписанты",
      "type": "module",
      "description": "Настройка шаблонов для автоматического заполнения приказов. Назначение подписантов.",
      "steps": [
        "Откройте раздел «Шаблоны приказов».",
        "Выберите тип приказа и редактируйте шаблон: текст, переменные, структура.",
        "Назначьте лица, подписывающие приказ (по ролям).",
        "Сохраните шаблон."
      ],
      "available_roles": ["студенческий отдел", "администратор"]
    },
    {
      "id": "student_orders_basis",
      "title": "Основания приказов",
      "type": "module",
      "description": "Создание и редактирование оснований приказов (например, справка, заявление, служебная записка).",
      "steps": [
        "Перейдите в раздел «Основания приказов».",
        "Выберите существующее основание или создайте новое.",
        "Заполните поля: тип, описание, номер документа.",
        "Свяжите с нужными приказами."
      ],
      "available_roles": ["студенческий отдел"]
    },
    {
      "id": "student_grants_input",
      "title": "Ввод вакантных образовательных грантов",
      "type": "module",
      "description": "Ввод данных о наличии свободных грантов по специальностям. Используется при перераспределении.",
      "steps": [
        "Откройте «Вакантные гранты».",
        "Выберите ОП, курс, форму и язык обучения.",
        "Укажите количество свободных мест по каждому типу гранта.",
        "Сохраните данные для дальнейшего распределения."
      ],
      "available_roles": ["студенческий отдел"]
    },
    {
      "id": "student_search",
      "title": "Поиск студентов",
      "type": "module",
      "description": "Поиск студента по базе с возможностью просмотра карточки: данные, оценки, движения.",
      "steps": [
        "Откройте раздел «Студенты».",
        "Введите ФИО, ИИН или номер зачетной книжки.",
        "Выберите студента и откройте его карточку.",
        "Просмотрите: личные данные, успеваемость, приказы, документы."
      ],
      "available_roles": ["студенческий отдел", "деканат"]
    },
    {
      "id": "student_add_external",
      "title": "Добавление студента вручную",
      "type": "module",
      "description": "Ввод новых студентов, переведённых из других вузов, минуя приёмную комиссию.",
      "steps": [
        "Откройте «Добавить абитуриента / студента».",
        "Введите личные данные, академическую информацию.",
        "Прикрепите документы (переводной приказ, справка и пр.).",
        "Сохраните."
      ],
      "available_roles": ["студенческий отдел"]
    },
    {
      "id": "student_manual_diploma",
      "title": "Создание дипломов вручную",
      "type": "module",
      "description": "Создание дипломов нестандартного образца вручную (например, старый формат или диплом на иностранном языке).",
      "steps": [
        "Перейдите в раздел «Ручное создание диплома».",
        "Выберите выпускника или введите данные вручную.",
        "Укажите серию, номер, специальность, подписи и дату выдачи.",
        "Сохраните и отправьте на печать."
      ],
      "available_roles": ["студенческий отдел"]
    },
    {
      "id": "student_documents_upload",
      "title": "Загрузка и редактирование документов",
      "type": "module",
      "description": "Работа с прикреплёнными к студентам документами: загрузка, изменение, удаление.",
      "steps": [
        "Откройте вкладку «Документы».",
        "Выберите студента.",
        "Нажмите «Добавить» или «Изменить».",
        "Выберите тип документа и прикрепите файл."
      ],
      "available_roles": ["студенческий отдел"]
    }
  ]
}
