{
  "metadata": {
    "file_name": "Дополнительные модули",
    "source_type": "user_manual_fragments",
    "last_updated": "2025-04-04"
  },
  "content": [
    {
      "id": "teacher_clubs_module",
      "title": "Мои кружки",
      "type": "module",
      "description": "Управление кружками, кураторами и участниками. Доступен преподавателям, назначенным руководителями кружков.",
      "steps": [
        "Откройте вкладку «Мои кружки».",
        "Выберите кружок из списка.",
        "Нажмите «Состав объединения», чтобы просмотреть описание и участников.",
        "Нажмите «Добавить новых студентов».",
        "С помощью фильтра найдите студентов по параметрам и нажмите «Найти студентов».",
        "Выберите нужных студентов, укажите должность, нажмите «Сохранить».",
        "Для удаления — отметьте галочкой студентов, нажмите «Удалить» и «Сохранить»."
      ],
      "available_roles": ["преподаватель", "воспитательный отдел"]
    },
    {
      "id": "teacher_files_module",
      "title": "Мои файлы",
      "type": "module",
      "description": "Просмотр, фильтрация и удаление файлов, загруженных преподавателем. Доступ к собственным УМКД, заданиям, материалам.",
      "steps": [
        "Откройте раздел «Мои файлы».",
        "Установите фильтры: период загрузки, дисциплина и др.",
        "Просмотрите список файлов.",
        "Для удаления — отметьте галочкой нужные позиции и нажмите «Удалить»."
      ],
      "available_roles": ["преподаватель"]
    },
    {
      "id": "teacher_violations_module",
      "title": "Нарушения преподавателей",
      "type": "module",
      "description": "Добавление нарушений преподавателей, указание типа, даты и комментариев. Формирование отчётов по нарушениям.",
      "steps": [
        "Откройте вкладку «Нарушения».",
        "Выберите преподавателя по ФИО, факультету или кафедре.",
        "Нажмите «Редактировать», затем кнопку «Добавить».",
        "Выберите тип нарушения, дату, введите комментарий.",
        "Нажмите «Добавить» для сохранения.",
        "Для отчёта — перейдите во вкладку «Мониторинг → Отчёты».",
        "Выберите «Повторное обучение → Отчёт по нарушениям», задайте параметры, нажмите «Сформировать отчёт»."
      ],
      "available_roles": ["деканат", "проректор", "учебный отдел"]
    },
	    {
      "id": "exam_question_settings",
      "title": "Настройки утверждения экзаменационных вопросов",
      "type": "module",
      "description": "Определение логики согласования экзаменационных вопросов в системе: кто должен утверждать — преподаватель, методист, или оба. Это влияет на доступ к экзамену и формирование ведомостей.",
      "steps": [
        "Перейдите в раздел «Настройка экзаменационных вопросов».",
        "Выберите тип утверждения из выпадающего списка:",
        "  – Только преподаватель",
        "  – Только методист",
        "  – Сначала преподаватель → затем методист",
        "Нажмите кнопку «Сохранить» для применения изменений."
      ],
      "ui_notes": [
        "Выбранный тип влияет на отображение статусов в ведомости экзаменов.",
        "Если выбран тип 'сначала преподаватель, затем методист' — экзамен считается утверждённым только после обоих действий.",
        "Настройка действует глобально или по факультетам (в зависимости от роли)."
      ],
      "available_roles": ["преподаватель", "методист", "учебный отдел", "администратор"]
    },
    {
      "id": "workload_parameters",
      "title": "Параметры педагогической нагрузки",
      "type": "module",
      "description": "Задание формул расчёта нагрузки для эдвайзерства, курсовых, дипломов, ВКР, кураторства. Указывается в кредитах и часах, может настраиваться отдельно по факультетам.",
      "steps": [
        "Откройте раздел «Параметры» в модуле педнагрузки.",
        "Нажмите кнопку «Добавить формулу».",
        "Укажите:",
        "  – Тип работы: Эдвайзерство, Руководство ВКР, Курсовая работа и др.",
        "  – Кол-во часов за 1 единицу (например, 5 студентов = 10 часов).",
        "  – Единицу измерения (студенты / дисциплина / работа).",
        "Нажмите «Сохранить формулу».",
        "Для глобальных значений по факультету откройте вкладку «Нагрузка ППС в кредитах», выберите факультет, задайте порог и нажмите «Сохранить»."
      ],
      "ui_notes": [
        "Изменения вступают в силу при следующем расчёте нагрузки.",
        "Можно настраивать отдельные коэффициенты по кафедрам.",
        "Используется при автозаполнении таблиц нагрузки ППС."
      ],
      "available_roles": ["учебный отдел", "отдел качества", "кафедра", "администратор"]
    },
    {
      "id": "teacher_workload_editor",
      "title": "Редактирование педагогической нагрузки преподавателей",
      "type": "module",
      "description": "Просмотр, редактирование и повторный расчёт педагогической нагрузки по дисциплинам, кафедрам, преподавателям. Использует параметры и формулы, заданные ранее.",
      "steps": [
        "Откройте вкладку «Педагогическая нагрузка».",
        "Выберите семестр и факультет, нажмите «Выбор».",
        "Система загрузит таблицу нагрузки: преподаватель → дисциплина → часы.",
        "Для редактирования нажмите по ячейке, измените значения вручную.",
        "Для пересчёта по новым параметрам удалите расчёт (кнопка «Удалить») и нажмите «Рассчитать»."
      ],
      "ui_notes": [
        "В строке преподавателя отображается суммарная нагрузка в часах и кредитах.",
        "Ячейки с конфликтами или дублирующими значениями подсвечиваются красным.",
        "Можно экспортировать таблицу в Excel для подписи и сверки."
      ],
      "available_roles": ["учебный отдел", "кафедра", "администратор"]
    },
    {
      "id": "fx_resit_period",
      "title": "Период пересдачи FX",
      "type": "module",
      "description": "Определение временного окна для пересдачи дисциплин, в которых студент получил оценку FX. Влияет на доступ к ведомостям и экзаменам.",
      "steps": [
        "Перейдите в раздел «Период пересдачи FX».",
        "Выберите текущий академический период и форму обучения.",
        "Установите дату начала и дату окончания пересдачи.",
        "Нажмите «Сохранить»."
      ],
      "ui_notes": [
        "В указанный период студенты с FX получают доступ к повторной сдаче.",
        "Преподаватели видят статус FX в ведомости и могут ввести итоговую оценку заново.",
        "Истекший период блокирует доступ к пересдаче без приказа на продление."
      ],
      "available_roles": ["учебный отдел"]
    },
    {
      "id": "student_search_engine",
      "title": "Модуль поиска и карточки студента",
      "type": "module",
      "description": "Поиск студентов по ИИН, ФИО, факультету, курсу или группе. Позволяет просматривать, редактировать данные, печатать транскрипт и просматривать академическую историю.",
      "steps": [
        "Откройте вкладку «Поиск студентов».",
        "Введите один из параметров: ИИН, ФИО, ID, факультет, группа.",
        "Нажмите «Найти студентов».",
        "Выберите нужного и откройте карточку двойным щелчком.",
        "Из карточки доступны функции: транскрипт, история успеваемости, движение (приказы), документы."
      ],
      "ui_notes": [
        "Форма поиска поддерживает частичные совпадения по ФИО.",
        "Можно быстро перейти в модуль приказов, истории дисциплин или транскриптов.",
        "Отображаются все статусы студента (на FX, отчислен, выпускник и пр.)."
      ],
      "available_roles": ["деканат", "студенческий отдел", "учебный отдел"]
    },
    {
      "id": "internship_processing",
      "title": "Управление практикой студентов",
      "type": "module",
      "description": "Проверка, заполнение, подтверждение практики студентов. Включает работу с дневниками, заключениями, назначение и изменение руководителей.",
      "steps": [
        "Перейдите в раздел «Практика».",
        "Выберите группу и семестр.",
        "Кликните на студента → откроется его журнал практики.",
        "Проверьте записи, отметьте 'Подтверждение' и нажмите «Сохранить».",
        "Для выставления заключения нажмите «Заключение по практике», введите итоговую оценку и нажмите «Закрыть практику».",
        "Чтобы назначить руководителя практики — выберите студентов, нажмите «Добавить руководителя», введите данные, нажмите «Сохранить».",
        "Для редактирования нажмите «Изменить руководителя практики»."
      ],
      "ui_notes": [
        "Оценка за практику переносится в транскрипт после закрытия.",
        "Можно отслеживать просроченные и непроверенные дневники.",
        "История всех действий фиксируется в системе."
      ],
      "available_roles": ["преподаватель", "кафедра", "учебный отдел"]
    },
	{
	  "id": "teacher_exam_questions_view",
	  "title": "Экзаменационные вопросы преподавателя",
	  "type": "module",
	  "description": "Позволяет преподавателю или администратору просматривать все экзаменационные вопросы, связанные с преподавателем, дисциплинами и группами.",
	  "steps": [
		"Перейдите в раздел «Преподаватели».",
		"Выберите факультет и кафедру, или введите фамилию преподавателя.",
		"В появившемся списке (рис.8) выделите преподавателя.",
		"Нажмите кнопку «Экзаменационные вопросы».",
		"Появится список групп преподавателя (рис.9).",
		"Выделите нужную группу и нажмите «Вопросы».",
		"Откроется статистика по вопросам: общее количество и содержимое по блокам (рис.11)."
	  ],
	  "ui_notes": [
		"Интерфейс разделён по преподавателям, группам и блокам вопросов.",
		"Отображается количество вопросов и содержимое каждого блока.",
		"Доступ возможен через систему фильтрации или прямого поиска."
	  ],
	  "available_roles": ["преподаватель", "учебный отдел", "методист"]
	},
	{
	  "id": "admission_order_signing",
	  "title": "Приказы на зачисление абитуриентов",
	  "type": "module",
	  "description": "Процесс подписания и проверки приказов на зачисление, сформированных приёмной комиссией. Только после подписания они передаются в работу секретарям ПК.",
	  "steps": [
		"Выберите раздел «Приказы на зачисление».",
		"Выберите параметры фильтрации: факультет, форма обучения и др. (рис.2).",
		"На экране появятся 2 списка: обработанные приказы и неподписанные приказы (рис.3).",
		"Выберите приказ из списка неподписанных и дважды щёлкните по нему.",
		"Проверьте содержание приказа.",
		"Нажмите кнопку «Подписать».",
		"Если есть ошибки — нажмите «Вернуться к списку приказов»."
	  ],
	  "ui_notes": [
		"Удаление приказа возможно только для секретарей ПК.",
		"После подписания приказ становится доступным только для просмотра.",
		"Форма приказа содержит номер, дату, факультет."
	  ],
	  "available_roles": ["студенческий отдел", "приёмная комиссия", "секретарь"]
	},
	{
	  "id": "student_order_templates",
	  "title": "Шаблоны приказов и переменные",
	  "type": "module",
	  "description": "Модуль позволяет создавать текстовые шаблоны для приказов с переменными (ФИО, программа, дата, курс и пр.), а также управлять списком доступных шаблонов.",
	  "steps": [
		"Перейдите в раздел «Приказы» → «Шаблоны».",
		"Нажмите кнопку «Добавить шаблон».",
		"Введите заголовок, текст шаблона, используйте переменные: %ФИО%, %ОП%, %курс%, %семестр%.",
		"Назначьте тип приказа: зачисление, отчисление, перевод и др.",
		"Нажмите «Сохранить».",
		"Для редактирования — выберите шаблон в списке и нажмите «Изменить»."
	  ],
	  "ui_notes": [
		"Переменные подставляются автоматически при формировании приказа.",
		"Доступна группировка шаблонов по типу приказа.",
		"Можно экспортировать шаблон в Word-документ."
	  ],
	  "available_roles": ["учебный отдел", "студенческий отдел", "администратор"]
	},
	{
	  "id": "teacher_schedule_view",
	  "title": "Расписание преподавателя",
	  "type": "module",
	  "description": "Отображает текущее расписание преподавателя, включая занятия, группы, аудитории и экзамены. Доступно в режиме просмотра и печати.",
	  "steps": [
		"Перейдите в раздел «Преподаватели».",
		"Выберите преподавателя в списке (по фильтрам или вручную).",
		"Нажмите кнопку «Расписание».",
		"Откроется форма просмотра расписания по неделям (рис.6).",
		"Выберите фильтр: по дате, неделе, паре, форме обучения.",
		"Нажмите «Печать», чтобы получить версию для выгрузки."
	  ],
	  "ui_notes": [
		"Расписание отображается в табличной форме с цветовой маркировкой пар.",
		"Экзамены отображаются отдельно от занятий.",
		"Доступна кнопка 'Расширенный просмотр' — открывает экзаменационную сессию."
	  ],
	  "available_roles": ["преподаватель", "деканат", "отдел расписания"]
	},
	{
	  "id": "exam_platform_selection",
	  "title": "Выбор платформы и формы экзамена",
	  "type": "module",
	  "description": "Позволяет преподавателю указать форму экзамена (тест, письменный, устный) и платформу его проведения (MS Teams, ExamSoft и пр.).",
	  "steps": [
		"Перейдите в раздел «Экзамены» → «Формат экзамена».",
		"Выберите дисциплину и преподавателя.",
		"В строке дисциплины укажите:",
		"  – Форму экзамена (тест, письменный, устный, защита ВКР)",
		"  – Платформу (MS Teams, ExamSoft, Zoom, Moodle и пр.)",
		"Нажмите «Сохранить».",
		"Для изменения — повторно выберите строку и скорректируйте поля."
	  ],
	  "ui_notes": [
		"Формат экзамена влияет на тип экзаменационных вопросов и генерацию ведомости.",
		"Если форма – тест, подключается модуль генерации тестов.",
		"Выбранная платформа отображается в экзаменационной сводке."
	  ],
	  "available_roles": ["преподаватель", "методист", "отдел качества"]
	},
	{
	  "id": "survey_module",
	  "title": "Анкетирование",
	  "type": "module",
	  "description": "Создание и публикация анкет для студентов, преподавателей и сотрудников. Поддерживает фильтрацию, аналитику и отчётность.",
	  "steps": [
		"Перейдите в раздел «Анкетирование».",
		"Нажмите кнопку «Создать анкету».",
		"Укажите заголовок, аудиторию (студенты / ППС / персонал), период проведения.",
		"Добавьте вопросы (текстовые, шкальные, с выбором).",
		"Опубликуйте анкету.",
		"Для анализа — выберите анкету, нажмите «Результаты», просмотрите сводку по ответам."
	  ],
	  "ui_notes": [
		"Анонимность зависит от типа опроса.",
		"Поддерживается экспорт результатов в Excel / PDF.",
		"Результаты автоматически передаются в модуль качества."
	  ],
	  "available_roles": ["учебный отдел", "проректор", "отдел качества"]
	},
	{
	  "id": "abiturient_application_module",
	  "title": "Онлайн-регистрация и подача заявления абитуриентом",
	  "type": "module",
	  "description": "Охватывает весь процесс работы абитуриента в системе: от регистрации и заполнения анкеты до подачи заявления и отслеживания его статуса.",
	  "steps": [
		"Перейдите по ссылке: https://univer.kaznu.kz/abiturient_user/login.",
		"Нажмите кнопку «Создать аккаунт».",
		"Заполните регистрационную форму, подтвердите reCAPTCHA и зарегистрируйтесь.",
		"Подтвердите регистрацию через письмо на e-mail (перейдите по ссылке).",
		"Войдите в систему с помощью логина и пароля.",
		"Заполните разделы анкеты в меню «Профайл»:",
		"  – Персональные данные",
		"  – Документ, удостоверяющий личность",
		"  – Социальные характеристики",
		"  – Адрес и Контактные данные (возможность ручного ввода)",
		"  – Образование",
		"  – Данные о родителях",
		"  – Дополнительно",
		"Сохраняйте каждый раздел после заполнения.",
		"Перейдите в раздел «Специальности» для выбора программы.",
		"Используйте фильтры: форма, уровень, профильные предметы и др.",
		"Нажмите кнопку «Подробнее» или «+» для изучения описания.",
		"Выберите специальность и нажмите «Подать заявку».",
		"Заполните поля заявления, поставьте галочку подтверждения и нажмите «Сохранить».",
		"Система сформирует электронную заявку, которая появится в разделе «Заявки».",
		"В заявке будут указаны: Номер, Название, Дата, Инициатор, Специальность, Статус.",
		"Следите за комментариями и статусами: «Принято», «Отклонено», «На доработку».",
		"В случае доработки — откройте заявку, внесите правки и отправьте повторно."
	  ],
	  "ui_notes": [
		"При некорректном вводе адреса — используйте пометку «Не найден в eGov».",
		"Анкету можно редактировать до отправки заявки в Приемную комиссию.",
		"Комментарии между абитуриентом и ПК отображаются в интерфейсе заявки.",
		"После принятия заявки студент получает статус «Абитуриент» в системе."
	  ],
	  "available_roles": ["абитуриент", "приёмная комиссия", "секретарь ПК"]
	},
	{
	  "id": "plagiarism_module",
	  "title": "Антиплагиат: загрузка работ и проверка выпускников",
	  "type": "module",
	  "description": "Работа преподавателя с системой антиплагиата: загрузка собственных научных и учебных работ, а также проверка и принятие выпускных работ студентов.",
	  "steps": [
		"Перейдите во вкладку «Свои работы на антиплагиат».",
		"Дважды щёлкните по нужному типу работы: Дипломная / Реферат / Книга.",
		"Нажмите кнопку «Загрузить», выберите файл.",
		"После загрузки проверьте процент уникальности.",
		"Если результат удовлетворительный — нажмите «Добавить как источник».",
		"После добавления статус документа сменится на «Добавлен в базу».",
		"Для просмотра отчёта нажмите «Посмотреть» → откроется форма отчета с QR-кодом.",
		"Чтобы распечатать — нажмите «Печать» в меню браузера."
	  ],
	  "additional_scenarios": [
		{
		  "title": "Проверка выпускных работ студентов",
		  "steps": [
			"Откройте вкладку «Выпускники на антиплагиат».",
			"На экране появится список студентов, у которых вы являетесь руководителем.",
			"Выберите студента → нажмите «Файлы студента».",
			"Просмотрите список загруженных документов.",
			"Нажмите «Посмотреть» для открытия результата проверки.",
			"Если оригинальность удовлетворительна — нажмите «Добавить как источник».",
			"Для печати отчёта снова нажмите «Посмотреть» → «Печать»."
		  ],
		  "notes": [
			"QR-код формируется только если работа добавлена в базу.",
			"Если нет QR — система не позволит сформировать ведомость."
		  ]
		}
	  ],
	  "ui_notes": [
		"Типы работ отображаются в виде списка с иконками.",
		"Отчёт содержит QR-код с зашифрованной ссылкой на проверку.",
		"История загруженных файлов сохраняется в виде списка с датами."
	  ],
	  "available_roles": ["преподаватель", "методист", "администратор"]
	},
	{
	  "id": "iup_approval_module",
	  "title": "Согласование индивидуального учебного плана (ИУП)",
	  "type": "module",
	  "description": "Модуль для эдвайзеров по согласованию ИУП студентов. Позволяет искать студентов, подтверждать учебные планы и контролировать статус согласования.",
	  "steps": [
		"Перейдите во вкладку «Куратор-эдвайзер».",
		"Выберите функцию «Согласование ИУП».",
		"Откроется окно фильтра для поиска студентов.",
		"Укажите параметры (факультет, курс, поток и т.д.) и нажмите «Поиск студентов».",
		"В нижней части появится список студентов по фильтру.",
		"Отметьте нужных студентов галочкой.",
		"Нажмите кнопку «Проверено».",
		"После подтверждения, в ИУП студента (внизу страницы) появится метка «Согласовано» рядом с полем эдвайзера."
	  ],
	  "ui_notes": [
		"Форма фильтрации поддерживает поиск по нескольким критериям.",
		"Статус «Согласовано» отображается как текст в интерфейсе ИУП.",
		"Можно массово отметить нескольких студентов."
	  ],
	  "available_roles": ["эдвайзер", "деканат"]
	},
	{
	  "id": "student_orders_module",
	  "title": "Список приказов: создание, редактирование, обработка",
	  "type": "module",
	  "description": "Функция работы с приказами на зачисление, отчисление, перевод и др. Позволяет создавать, редактировать, обрабатывать и просматривать приказы, а также работать с приложениями и транскриптами.",
	  "steps": [
		"Откройте раздел «Список приказов».",
		"Выберите нужный тип приказа из списка (дважды щёлкните по нему).",
		"На экране появится окно редактирования приказов (рис.6).",
		"Задайте фильтры: факультет, курс, статус студента и т.д.",
		"Нажмите кнопку «Выбрать».",
		"Откроется список приказов, соответствующих фильтру.",
		"Для создания нового приказа — нажмите «Добавить».",
		"Укажите параметры и нажмите «Выбрать студентов».",
		"Отметьте галочкой студентов и нажмите «Добавить выбранных студентов в приказ».",
		"Сохраните — приказ получит статус «Актив».",
		"Для редактирования приказа — выберите его и нажмите «Редактировать».",
		"Для обработки — выберите приказ, нажмите «Обработать», введите номер и дату, сохраните. Статус сменится на «Обработан».",
		"Чтобы удалить приказ — выберите его (если статус Актив) и нажмите «Удалить».",
		"Для просмотра — нажмите «Просмотреть документ».",
		"Для скачивания — нажмите «Скачать документ».",
		"Для просмотра приложения к приказу (транскрипт на 3 языках) — нажмите «Приложение к приказу», затем «Просмотреть документ»."
	  ],
	  "ui_notes": [
		"Приказы делятся на Актив и Обработан. Только Актив можно редактировать или удалять.",
		"К каждому приказу автоматически формируется приложение с транскриптом студента.",
		"Скачивание документа сохраняет его на диск в формате Word."
	  ],
	  "available_roles": ["студенческий отдел", "деканат", "учебный отдел", "секретарь"]
	},
	{
	  "id": "fx_resit_access_module",
	  "title": "Предоставление доступа студентам к пересдаче FX",
	  "type": "module",
	  "description": "Модуль позволяет сотрудникам вручную открывать доступ студентам к пересдаче дисциплин с оценкой FX. Студент после этого может отправить заявку на повторную сдачу.",
	  "steps": [
		"Перейдите в раздел «FX → Студенты с правом пересдачи».",
		"Установите фильтры: факультет, форма обучения, дисциплина и нажмите «Найти студентов».",
		"В открывшемся списке отметьте галочкой нужного студента.",
		"Нажмите кнопку «Предоставить доступ».",
		"В появившемся окне подтверждения нажмите «ОК».",
		"Теперь студент сможет подать заявку на пересдачу FX через личный кабинет."
	  ],
	  "ui_notes": [
		"После предоставления доступа статус автоматически меняется в системе.",
		"Информация о доступе отображается в модуле «FX-заявки» у студента.",
		"Операции журналируются для последующего аудита."
	  ],
	  "available_roles": ["учебный отдел", "деканат", "ответственный по FX"]
	},
	{
	  "id": "calculation_types_module",
	  "title": "Типы расчётов и формулы распределения нагрузки",
	  "type": "module",
	  "description": "Управление типами расчётов для педнагрузки, контрольных мероприятий и автоматических формул. Поддерживает многозначные интервалы, обозначения и привязки к видам контроля.",
	  "steps": [
		"Перейдите в раздел «Типы расчётов».",
		"Нажмите кнопку «Добавить».",
		"В открывшемся окне заполните название на трёх языках.",
		"Нажмите «Добавить формулу».",
		"В появившейся форме выберите параметры из выпадающих списков.",
		"Нажмите «Добавить», чтобы сохранить формулу.",
		"В нижней таблице появится строка: заполните поля Формула и Интервалы.",
		"Для интервалов нажмите на ячейку → откроется окно → введите значения → нажмите «ОК».",
		"Нажмите «Добавить», чтобы сохранить строку расчёта.",
		"Для редактирования — выберите строку и нажмите «Редактировать тип расчета».",
		"После изменений нажмите «Сохранить».",
		"Чтобы привязать расчёт к типу контроля — выделите расчёт, нажмите «Привязать».",
		"Отметьте нужные виды контроля и нажмите «Сохранить»."
	  ],
	  "ui_notes": [
		"Каждый тип расчета может включать несколько строк с разными интервалами.",
		"Поддерживаются формулы с сокращениями: LEC, LAB, PRAC и др.",
		"Привязка к типу контроля позволяет использовать формулы в других модулях автоматически."
	  ],
	  "available_roles": ["учебный отдел", "отдел качества", "администратор"]
	},
	{
	  "id": "university_events_module",
	  "title": "Университетские мероприятия и награждение студентов",
	  "type": "module",
	  "description": "Модуль позволяет сотрудникам воспитательного отдела создавать и редактировать мероприятия, а эдвайзерам — добавлять студентов в список награждённых за участие.",
	  "steps": [
		"Откройте вкладку «Университетские мероприятия».",
		"Воспитательный отдел может создать мероприятие и указать его тип (например, факультетское).",
		"Для поиска — выберите параметры в окне «Поиск мероприятия», нажмите «Поиск».",
		"Появится список мероприятий по заданным критериям.",
		"Чтобы добавить студентов, эдвайзер дважды щёлкает на название мероприятия.",
		"Откроется журнал мероприятия — список студентов.",
		"В колонке «Награда» укажите место или тип награды для студента.",
		"Нажмите «Сохранить» для фиксации.",
		"Чтобы удалить студента — поставьте галочку в колонке «Удалить» и нажмите «Сохранить» снова."
	  ],
	  "ui_notes": [
		"Только сотрудники воспитательного отдела могут редактировать мероприятия.",
		"Кураторы-эдвайзеры могут работать только со своими студентами.",
		"Список награждённых формируется автоматически и виден в профиле студента."
	  ],
	  "available_roles": ["воспитательный отдел", "эдвайзер"]
	},
	{
	  "id": "curriculum_view_module",
	  "title": "Просмотр учебных планов",
	  "type": "module",
	  "description": "Модуль позволяет сотрудникам просматривать учебные планы по фильтрам, изучать дисциплины и описания к ним.",
	  "steps": [
		"Откройте раздел «Учебные планы».",
		"В фильтре поиска укажите критерии: факультет, ОП, курс, форма обучения и т.д.",
		"Нажмите «Поиск учебного плана».",
		"В открывшемся списке выберите нужный план и нажмите «Открыть учебный план».",
		"Откроется таблица дисциплин по выбранному УП.",
		"Нажмите на любую дисциплину, чтобы увидеть её описание (наименование, коды, тип занятий и пр.)."
	  ],
	  "ui_notes": [
		"Фильтр поддерживает множественные параметры.",
		"Описание дисциплины включает наименования на всех языках, тип занятий и часы.",
		"Планы доступны только для просмотра, если нет прав редактора."
	  ],
	  "available_roles": ["учебный отдел", "кафедра", "эдвайзер", "администратор"]
	}
  ]
}
