{
  "metadata": {
    "file_name": "Модуль Преподаватель",
    "source_type": "university_documentation",
    "last_updated": "2025-04-04"
  },
  "content": [
    {
      "id": "teacher_attendance_journal",
      "title": "Журнал посещаемости",
      "type": "module",
      "description": "Отметка присутствия студентов на занятиях по каждой паре в разрезе групп и дисциплин. Хранение истории и выгрузка.",
      "steps": [
        "Перейдите в раздел «Журнал посещаемости».",
        "Выберите дисциплину, группу и дату занятия.",
        "Отметьте посещаемость студентов (✓ — присутствовал, - — отсутствовал, н — не отмечено).",
        "Сохраните журнал."
      ],
      "ui_notes": [
        "Можно добавить комментарий к занятию (например, причина пропуска или перенос пары).",
        "Интерфейс позволяет массовую отметку: «все присутствуют», «все отсутствуют»."
      ],
      "validation": [
        "Дата занятия должна входить в семестровый календарь.",
        "Нельзя редактировать прошедшие записи после закрытия семестра."
      ],
      "available_roles": ["преподаватель"]
    },
    {
      "id": "teacher_gradebook_input",
      "title": "Ввод оценок: РК1, Midterm, РК2, Экзамен",
      "type": "module",
      "description": "Ввод текущих и итоговых баллов по студентам, контроль по шкале, возможность редактирования до подписания ведомости.",
      "steps": [
        "Откройте вкладку «Ведомости / Баллы».",
        "Выберите дисциплину и период: РК1, Midterm, РК2, Экзамен.",
        "Введите оценки для каждого студента (от 0 до 100).",
        "Сохраните или отправьте на подпись (если завершено)."
      ],
      "validation": [
        "Значения только от 0 до 100.",
        "Оценка FX присваивается автоматически, если студент не явился или результат ниже порога."
      ],
      "ui_notes": [
        "После отправки на подпись оценки блокируются.",
        "Система рассчитывает средний балл и отображает статус успеваемости."
      ],
      "available_roles": ["преподаватель"]
    },
    {
      "id": "teacher_schedule_view",
      "title": "Расписание преподавателя",
      "type": "module",
      "description": "Просмотр актуального расписания по неделям: пары, аудитории, дисциплины и группы.",
      "steps": [
        "Перейдите в раздел «Моё расписание».",
        "Выберите неделю или дату.",
        "Просмотрите занятия: время, дисциплина, кабинет, группа.",
        "При необходимости — распечатайте или экспортируйте."
      ],
      "ui_notes": [
        "Каждое занятие кликабельно и ведёт в журнал посещаемости.",
        "Расписание может меняться в зависимости от календаря и праздников."
      ],
      "available_roles": ["преподаватель"]
    },
    {
      "id": "teacher_exam_schedule",
      "title": "Расписание экзаменов",
      "type": "module",
      "description": "Просмотр утверждённого экзаменационного расписания по дисциплинам и группам.",
      "steps": [
        "Откройте вкладку «Экзамены».",
        "Выберите семестр и дисциплину.",
        "Посмотрите дату, время, место проведения экзамена.",
        "Отметьте факт проведения (если доступно)."
      ],
      "ui_notes": [
        "Интерфейс отображает статус: «проведён», «запланирован», «перенесён».",
        "Возможно прикрепление протокола или отчёта об экзамене."
      ],
      "available_roles": ["преподаватель"]
    },
    {
      "id": "teacher_midterm_schedule",
      "title": "Расписание мидтермов",
      "type": "module",
      "description": "Просмотр расписания промежуточного контроля (midterm) по своим дисциплинам.",
      "steps": [
        "Откройте вкладку «Midterm / РК».",
        "Выберите группу или дисциплину.",
        "Просмотрите даты проведения, аудиторию и состав комиссии (если назначен)."
      ],
      "ui_notes": [
        "Мидтермы отображаются за 2 недели до начала.",
        "Изменения расписания фиксируются и отображаются жёлтым маркером."
      ],
      "available_roles": ["преподаватель"]
    },
    {
      "id": "teacher_final_exam_format",
      "title": "Форма и платформа итогового контроля",
      "type": "module",
      "description": "Выбор преподавателем формы проведения экзамена (письменная/тестовая/устная), платформы (онлайн/оффлайн), языка сдачи.",
      "steps": [
        "Перейдите в раздел «Итоговый контроль».",
        "Выберите дисциплину из списка.",
        "Укажите форму: письменная, тестовая, проект, защита.",
        "Выберите платформу (если онлайн): LMS, Zoom, TestCenter и др.",
        "Сохраните."
      ],
      "validation": [
        "Форма и платформа обязательны к заполнению.",
        "Нельзя менять данные после начала экзаменационной сессии."
      ],
      "ui_notes": [
        "После сохранения информация видна студентам и координатору экзаменов.",
        "При необходимости преподаватель может запросить изменение у методиста."
      ],
      "available_roles": ["преподаватель"]
    },
    {
      "id": "teacher_academic_plan_view",
      "title": "Просмотр учебного плана",
      "type": "module",
      "description": "Просмотр преподавателем структуры учебного плана по своей дисциплине и направлению подготовки.",
      "steps": [
        "Откройте вкладку «Учебный план».",
        "Выберите дисциплину или образовательную программу.",
        "Просмотрите блок: количество кредитов, тип контроля, часы.",
        "Скачайте при необходимости в PDF."
      ],
      "ui_notes": [
        "Указывается, в каком семестре читается дисциплина, и в какие блоки входит (базовый, вариативный и т.д.).",
        "Доступен только просмотр, без редактирования."
      ],
      "available_roles": ["преподаватель"]
    },
    {
      "id": "teacher_umkd_upload",
      "title": "Загрузка УМКД",
      "type": "module",
      "description": "Преподаватель загружает свои учебно-методические материалы по дисциплине: силлабус, задания, график контроля и пр.",
      "steps": [
        "Перейдите в раздел «УМКД».",
        "Выберите дисциплину.",
        "Нажмите «Загрузить файл».",
        "Выберите тип документа: силлабус, лекции, задания, литература.",
        "Прикрепите и сохраните."
      ],
      "validation": [
        "Файл не должен превышать 20 МБ.",
        "Допустимые форматы: PDF, DOCX, PPTX."
      ],
      "ui_notes": [
        "После загрузки файл доступен для просмотра методисту и студентам (по настройке).",
        "История загрузок хранится по семестрам."
      ],
      "available_roles": ["преподаватель"]
    },
    {
      "id": "teacher_my_files",
      "title": "Мои загруженные файлы",
      "type": "module",
      "description": "Просмотр всех файлов, загруженных преподавателем: УМКД, вопросы, тесты, задания. Возможность удалить или заменить.",
      "steps": [
        "Перейдите в раздел «Мои файлы».",
        "Отфильтруйте по дисциплине, типу или семестру.",
        "Нажмите на файл, чтобы просмотреть или удалить.",
        "Замените файл при необходимости."
      ],
      "ui_notes": [
        "Удаление возможно только до утверждения УМКД методистом.",
        "Поддерживается сортировка по дате загрузки."
      ],
      "available_roles": ["преподаватель"]
    },
    {
      "id": "teacher_exam_questions",
      "title": "Экзаменационные вопросы",
      "type": "module",
      "description": "Ввод и редактирование экзаменационных вопросов по дисциплинам. Возможна выгрузка и экспорт в Word.",
      "steps": [
        "Перейдите в раздел «Экзаменационные вопросы».",
        "Выберите дисциплину и семестр.",
        "Введите или вставьте текст вопросов, разделяя по номерам.",
        "Сохраните и при необходимости распечатайте."
      ],
      "ui_notes": [
        "Количество вопросов — минимум 10, максимум 40.",
        "Можно добавлять и на казахском, и на русском — в одном файле."
      ],
      "available_roles": ["преподаватель"]
    },
    {
      "id": "teacher_test_sets",
      "title": "Ввод тестов / заданий",
      "type": "module",
      "description": "Создание наборов заданий для контрольных, РК или экзаменов. Типы: тест с вариантами, открытые вопросы, задания с файлами.",
      "steps": [
        "Перейдите в «Мои тесты / задания».",
        "Нажмите «Создать новый набор».",
        "Добавьте вопросы: тестовые, письменные, с файлами.",
        "Сохраните и при необходимости экспортируйте."
      ],
      "ui_notes": [
        "Можно указать баллы и таймер для каждого вопроса.",
        "Доступен импорт из Excel по шаблону."
      ],
      "available_roles": ["преподаватель"]
    },
    {
      "id": "teacher_test_creation",
      "title": "Создание теста и просмотр результатов",
      "type": "module",
      "description": "Создание цифрового теста для группы, просмотр индивидуальных результатов и логов.",
      "steps": [
        "Откройте «Создать тест».",
        "Выберите дисциплину, группу, дату и время.",
        "Назначьте тест, выбрав заранее подготовленный набор.",
        "После проведения перейдите во вкладку «Результаты» для просмотра баллов и логов студентов."
      ],
      "ui_notes": [
        "Поддерживается антисписывательная логика: лог вкладок, таймер, фото.",
        "Можно сбросить попытку при сбое соединения."
      ],
      "available_roles": ["преподаватель"]
    },
    {
      "id": "teacher_remote_courses",
      "title": "Дистанционные курсы",
      "type": "module",
      "description": "Управление дистанционными курсами: структура, задания, ленты, материалы.",
      "steps": [
        "Перейдите в раздел «Мои дистанционные курсы».",
        "Выберите дисциплину или создайте курс с нуля.",
        "Загрузите видео, презентации, ссылки, задания.",
        "Настройте график публикаций и дедлайны."
      ],
      "ui_notes": [
        "Каждый курс имеет свою ленту новостей, файлов и комментариев.",
        "Можно использовать шаблон курсов предыдущих лет."
      ],
      "available_roles": ["преподаватель"]
    },
    {
      "id": "teacher_mentor_clubs",
      "title": "Кружки и дополнительные занятия",
      "type": "module",
      "description": "Преподаватель может участвовать в неформальном обучении — кружки, факультативы, клубы.",
      "steps": [
        "Откройте «Кураторство / Кружки».",
        "Выберите клуб, где вы назначены руководителем.",
        "Посмотрите список студентов, занятия, темы.",
        "Добавьте отчёт о прошедшем мероприятии или план следующего."
      ],
      "ui_notes": [
        "Доступен список участников, посещаемость, файл отчёта.",
        "Может влиять на рейтинг активности преподавателя."
      ],
      "available_roles": ["преподаватель", "воспитательный отдел"]
    },
    {
      "id": "teacher_indicative_plan",
      "title": "Анкета индикативного плана",
      "type": "module",
      "description": "Заполнение плановой формы активности преподавателя (научная, методическая, кураторская и др.) в начале семестра.",
      "steps": [
        "Перейдите в раздел «Индикативный план».",
        "Заполните поля по каждому блоку: дисциплины, публикации, работа с ППС и студентами.",
        "Сохраните и отправьте на проверку."
      ],
      "ui_notes": [
        "После проверки план возвращается на доработку или утверждается.",
        "Возможна печать анкеты для подписи."
      ],
      "available_roles": ["преподаватель", "деканат"]
    },
    {
      "id": "teacher_pps_rating_survey",
      "title": "Анкета рейтинга ППС",
      "type": "module",
      "description": "Форма с отчётами преподавателя по итогам семестра: фактические публикации, нагрузки, активности, результаты студентов.",
      "steps": [
        "Откройте «Рейтинг ППС».",
        "Заполните анкету по разделам: наука, УМКД, кружки, оценка студентами.",
        "Прикрепите подтверждающие документы.",
        "Сохраните и отправьте на проверку."
      ],
      "ui_notes": [
        "Система рассчитывает предварительный рейтинг автоматически.",
        "После утверждения анкета блокируется."
      ],
      "available_roles": ["преподаватель"]
    },
    {
      "id": "teacher_internship_module",
      "title": "Практика студентов",
      "type": "module",
      "description": "Работа с практикой: проверка дневников, прикрепление отчётов, отметка прохождения, генерация документации.",
      "steps": [
        "Откройте раздел «Практика».",
        "Выберите студента и тип практики (учебная, производственная и т.д.).",
        "Просмотрите дневник практики, прикрепите отзыв или подпись.",
        "Поставьте отметку 'Зачтено / Не зачтено'."
      ],
      "ui_notes": [
        "Можно скачать шаблон дневника или отчёта.",
        "Вся информация сохраняется в архиве практики."
      ],
      "available_roles": ["преподаватель", "руководитель практики"]
    },
    {
      "id": "teacher_violations_view",
      "title": "Просмотр нарушений",
      "type": "module",
      "description": "Просмотр преподавателем зафиксированных нарушений со стороны студентов (по дисциплине, пропуски, списывания и пр.).",
      "steps": [
        "Перейдите в раздел «Нарушения студентов».",
        "Выберите дисциплину и группу.",
        "Просмотрите список нарушений: дата, тип, статус, комментарии.",
        "Скачайте при необходимости отчёт или файл-подтверждение."
      ],
      "ui_notes": [
        "Информация предоставляется в ознакомительных целях.",
        "Редактирование — только у деканата / зам. декана."
      ],
      "available_roles": ["преподаватель"]
    },
    {
      "id": "teacher_antiplagiarism_own",
      "title": "Антиплагиат: собственные материалы",
      "type": "module",
      "description": "Загрузка собственных статей и методичек преподавателя для проверки на оригинальность.",
      "steps": [
        "Откройте раздел «Антиплагиат / Мои работы».",
        "Нажмите «Добавить» и загрузите файл.",
        "Система автоматически отправит на проверку.",
        "Результат отобразится через 1–2 минуты: процент оригинальности и заимствований."
      ],
      "ui_notes": [
        "Файл должен быть в формате DOCX или PDF, до 10 МБ.",
        "Отчёт можно скачать и приложить в анкету ППС."
      ],
      "available_roles": ["преподаватель"]
    },
    {
      "id": "teacher_antiplagiarism_theses",
      "title": "Антиплагиат: дипломные работы",
      "type": "module",
      "description": "Работа с ВКР студентов: загрузка, проверка, скачивание отчёта, допуск к защите.",
      "steps": [
        "Откройте «Антиплагиат ВКР».",
        "Выберите студента и загрузите файл диплома.",
        "Система запустит проверку и отобразит результат.",
        "При положительном результате — нажмите 'Допустить к защите'."
      ],
      "ui_notes": [
        "Результаты автоматически передаются в модуль ГЭК и зам. декану.",
        "Поддержка комментариев и версии файла."
      ],
      "available_roles": ["преподаватель", "руководитель ВКР"]
    }
  ]
}


	
